id,first_name,last_name,product,country,active_from,days_active
8b9c65b6-a16d-4fc1-9c6f-84b97189dcbe,Mervin,Ostridge,GMC,Indonesia,2017-07-19,827
476ae81e-7104-42bb-acd8-827e5f7b124e,Cord,Gourlie,Jaguar,Palestinian Territory,2018-03-28,631
b22906bf-3307-4ed7-bcae-d61907d684a6,Palmer,Ribeiro,Ford,Ivory Coast,2017-10-08,140
1b79638e-7762-498b-9e04-6a3167c82982,Hort,Whiteside,GMC,Brazil,2020-07-16,859
5c64c05a-8896-468f-86b5-6d669b7e1888,Tammy,Silbermann,Ford,Indonesia,2017-10-25,594
1831be80-b29f-4494-82f0-0838ac6231c7,Rycca,Oolahan,Ford,Russia,2015-01-12,896
f58638a4-fe0b-493b-b31f-05682bf82ec8,Nita,Schubbert,Mitsubishi,Philippines,2021-03-01,91
8149aebc-a54d-4cb7-899c-24882fb129e9,Donaugh,Ledrane,Kia,China,2017-04-30,596
8cbbfd9c-bf50-404f-b347-35f3a3feb154,Abel,Goadby,Ford,Brazil,2019-01-04,161
0b6128a4-2a8a-45af-88ac-bcfce639eee4,Jacinthe,Christoffe,Alfa Romeo,Finland,2017-08-14,741
f0af1c39-68d6-4bfd-8620-fcd1298afb13,Harland,Laing,Ford,Sweden,2019-06-06,553
b33da91a-1faf-4c10-ba57-43dd5d8a6269,Miquela,Snazle,Saab,Indonesia,2016-04-26,159
d56c57e1-79b6-46cf-82c3-255e8608fdcb,Halli,Burds,Eagle,Indonesia,2018-11-05,7
c972861e-c8cf-4a2b-87e4-bba50607a624,Sigrid,Tineman,Ford,Tanzania,2015-04-10,467
73f77d59-0978-45cd-a81d-4e44a8a9dd6c,Randi,Desborough,Lexus,Russia,2019-07-13,757
77aa5463-8ff2-429b-a03f-cc00a09a5ac5,Lenard,Lilion,GMC,Cuba,2015-10-30,593
7971c698-dc4b-4b40-918b-aed385d11d51,Tomasine,Billett,Ford,China,2016-04-11,319
91f292d9-4692-4f59-923a-b51c03fb7f71,Marrilee,Rivilis,BMW,Indonesia,2018-07-06,556
9137f92c-c4fc-4e6b-9257-560610427465,Terrie,Casarini,Dodge,South Africa,2015-07-09,944
d3381a3a-223e-424f-a46e-46d63328a2d7,Paulo,Kennett,Audi,Madagascar,2017-10-18,785
e03a5772-eaa9-4a97-b010-fbc4702c3f6d,Sarina,McPake,Toyota,China,2016-05-12,564
590e2ada-5eed-467c-bd23-e93c2767df45,Kirbie,Cathery,Acura,China,2015-05-26,644
8a84322b-954b-421e-ae9a-fa1f9129468c,Sky,Benzie,Mazda,Russia,2015-05-07,277
48d0f905-0275-4eb4-b013-f3297a159045,Karlik,Habbal,Volvo,Brazil,2019-05-25,243
93b41e41-eb45-4fd1-94cc-900df6d39114,Halsy,Buten,Nissan,Namibia,2019-01-04,594
3aa81e4d-b9ad-451f-a424-5cb757aa7836,Enriqueta,Elders,Ford,China,2017-06-12,702
c26e7043-0429-4a4d-859e-c843f0cf66db,Tine,Gorvin,Mitsubishi,Russia,2016-10-11,711
11cf7a74-ea50-4102-9369-af0905527949,Lynne,Chisnall,Mercedes-Benz,Ghana,2021-07-19,972
9bdc87b8-53c5-4f93-a5f8-4d78db8d0bce,Robinette,Casaroli,Lexus,Indonesia,2019-01-15,286
15e8deea-9dce-4132-8451-e862a86e4e6f,Cordelie,Ruberti,Land Rover,Ukraine,2021-04-26,231
29ef2a3e-7551-4dff-afcb-23e6f73a76f1,Miriam,Betteridge,Pontiac,Russia,2016-11-18,363
353e2514-84cb-4f56-8d27-d18dc66cdc24,Linda,Mitchenson,Buick,Indonesia,2018-02-22,839
84fe4d25-dea0-4f18-b50a-8e0ee4ac3ddf,Dacia,Restieaux,Isuzu,Iraq,2020-05-30,601
43c9ac0c-4ee4-4ab7-9d92-c00011e5bc77,Roseanne,Fones,Dodge,Cuba,2015-02-16,790
0de7a2f4-9349-43ac-8a48-69aca257ccd9,Sawyer,Vaillant,GMC,Poland,2020-03-14,824
457e6a3d-34e5-4592-9c0d-dfb596ff8a12,Tedra,Clunan,Volkswagen,China,2016-01-21,226
5e109c61-d009-4bfe-ba5f-773c61464599,Elbertine,Ealden,Chevrolet,Egypt,2021-08-14,752
b659f1c2-abae-4517-a699-6eac0b271bd0,Emilie,Drennan,Chevrolet,Namibia,2015-05-21,415
2c133e0f-3df1-4ddc-a18f-ac164df38a1e,Alicia,MacArdle,Lincoln,Czech Republic,2020-06-11,593
dd5c84c6-8442-43b0-944c-b77290299350,Judy,Snadden,Ferrari,Czech Republic,2020-12-23,133
9af93f70-5e05-4b15-bebf-263c7c01bc7a,Kelli,Ranahan,Audi,Bosnia and Herzegovina,2020-06-24,159
0c1dc465-aef5-43cc-820e-67351acbdf18,Sancho,Biddell,Mazda,Belgium,2017-04-06,522
45c31018-becc-43bb-a46e-740919eedfaa,Kennan,Dewing,Isuzu,Spain,2019-02-08,493
8ec29df5-2949-4722-a5fb-fe3c1c02ff5b,Ariel,Raspel,Ford,Cameroon,2017-09-17,129
f26b5df7-58d0-437c-8c65-71122e67e406,Harmonie,Bjorkan,Pontiac,France,2020-07-09,392
5522eadd-a8c0-49dc-815a-4212c4fa043d,Delphine,Baynton,Oldsmobile,China,2016-01-19,466
9bd1c762-9311-44c6-b27a-e10e59620ea8,Kerr,Vondruska,Pontiac,Comoros,2019-05-13,672
6de2ceab-520e-41e7-83ec-e77d1a264703,Isabel,MacDearmaid,Ford,France,2020-11-30,868
9ac0e618-77fb-47b1-8d96-1dcffc0d9f09,Brina,Thornley,Acura,Tanzania,2020-04-29,92
9761f869-b19c-41dc-86f2-0f9957181736,Carree,Baine,GMC,France,2017-06-25,603
fd89db28-0342-4797-bc80-b02a3a908bc7,Hugues,Kristufek,Saab,Japan,2017-09-20,222
f31511a1-8792-4431-99f3-84f2f6103d78,Laura,Eloy,Dodge,Indonesia,2018-02-28,503
3881ef0f-9acd-4fec-9533-f19201facb5d,Jori,Libbey,Subaru,China,2015-09-03,153
85287d9b-8e2b-463d-b8c9-3240105ab5ff,Stacie,Tinner,Mercedes-Benz,Czech Republic,2015-11-12,815
1535f64a-51c5-4352-a2c9-1302d769d8e7,Farris,Haskur,Mitsubishi,China,2017-08-10,171
430c6dcc-390e-4972-a83e-d0743f7348ab,Felicdad,Boland,Toyota,China,2017-03-25,638
39dfc4f5-ec7a-4454-90d1-a3376b210695,Alexandre,Heinl,Isuzu,Ukraine,2016-08-17,455
14e74ded-64e7-417b-95fc-153c05e9a923,Joscelin,Gaggen,Cadillac,Pakistan,2016-08-18,393
68d326d4-00ec-4a22-b6dd-2efa2fc20f2f,Noella,Attridge,Toyota,Poland,2019-09-14,816
30026e79-f0d4-4fc8-bdfc-c95478dbbf1c,Blinnie,Mowson,Chevrolet,Kenya,2016-01-15,30
0863b3b6-4f96-41b0-81a2-b100c82b72a3,Silva,Cordet,Ford,Indonesia,2021-04-06,845
91795145-888d-40de-a921-eb9a5bd5f39c,Alayne,Merrin,Oldsmobile,Philippines,2016-05-28,234
a222579f-548f-474f-a04f-2b783587b597,Maryjo,Kimmins,Mercedes-Benz,Panama,2018-09-16,134
13fddfdd-256e-437e-8f13-43831da6db90,Huberto,Spackman,Dodge,Philippines,2016-06-18,818
13fac619-535d-44a3-8e41-e38feb9da707,Ely,Blewett,Mitsubishi,Kuwait,2019-07-10,981
2fb5632a-16f2-4813-99f7-a5a4e1e363bf,Piotr,Frondt,Mercury,France,2017-11-06,3
96f5234a-7394-48d5-bf76-acef9ca4f8b1,Hoyt,Jumont,Dodge,Sweden,2015-08-27,316
53aef92c-cc56-47de-a935-174bd1a2d121,Valaria,Tomaszynski,Ford,Russia,2015-03-30,490
3e184b39-a324-4169-9742-0bab5392297a,Sheelah,Gamlin,Audi,Thailand,2015-07-15,500
12f09ae3-ef9c-4f73-8cd1-0d2a7ba14f19,Mame,Sylvaine,Lexus,Russia,2016-10-27,781
3e883b08-39d9-48cc-a589-3580c8e8f952,Patrizia,Dunley,Lotus,China,2019-11-23,95
32277372-4de5-4386-a7e1-8ee60709278b,Tallulah,Iacovelli,Pontiac,China,2015-05-17,459
21b996be-6e53-44cc-858c-7e41f386b011,Bartolemo,Taunton.,Subaru,Yemen,2021-05-01,666
aa7bd2e9-4da3-480d-adc5-a29617baebe4,Baird,Castaner,Lexus,Guatemala,2016-05-13,479
036befee-2770-4dff-80a2-41998df1c41a,Barry,Faragan,Mazda,Poland,2019-08-23,443
80d49a54-42bf-4147-8b09-3a70696eeb20,Pamelina,Carass,Dodge,Venezuela,2021-05-20,554
ec1f2fa9-37a4-423f-823f-372c851209c1,Shepperd,Banat,Lexus,Portugal,2020-11-09,373
2a796acb-513b-4a9e-a5e6-448db4b425bd,Lida,Cluney,Chrysler,France,2018-11-07,326
3f908e16-c153-4f16-9251-84a23b5bd7f6,Liva,Vinas,Buick,Uganda,2017-01-23,902
693c5195-88db-447c-81db-50b099d25253,Ernesto,Todeo,Oldsmobile,Niger,2021-08-24,14
8aa8343c-1d26-4b1f-becd-8a69f7c0d7d9,Pavel,Bradfield,Mercury,China,2018-01-10,58
5d31b7c6-e035-492c-b612-c8ca689f6764,Tallou,Haythornthwaite,Ford,Colombia,2017-03-25,600
94376dac-33ef-441e-a6f3-dc1fd050106f,Richardo,Dorton,Saab,Colombia,2019-04-26,320
4b50721c-593b-48c9-9612-2a7a88cf7440,Bridget,Sacco,Ford,Philippines,2018-06-01,841
5e893426-d285-4bb6-8e9c-1893443c201b,Holly-anne,Breache,Toyota,Yemen,2020-02-03,391
d17e62d2-380d-42fe-a654-bc23d4567260,Dorolisa,Miskimmon,Cadillac,Albania,2021-06-21,984
17f8c4ae-3771-43c2-865e-a829260f24ba,Alfreda,Purver,MINI,Russia,2021-06-05,983
637c4cd9-bb84-4b79-a449-81a942d94ecd,Tedman,Prayer,Acura,China,2017-01-23,775
c2027e1a-33d4-4d1d-8bcb-8f1316f70df6,Adey,Lomas,Pontiac,Russia,2020-05-29,848
8a7096ee-fb73-4fd4-bf89-4dd8a955241e,Uri,Bolles,Lotus,Azerbaijan,2018-02-07,597
f8234d97-9fd5-4f2d-bf55-3e2b45c3b0aa,Adoree,Huntingdon,Mazda,Indonesia,2018-02-05,375
0164d692-4fd7-43cc-a987-e575be2df2bf,Way,Ferraro,Dodge,Poland,2017-06-14,121
45605be1-d7cd-4993-bf04-e7e8c3ffadf4,Fidel,Greber,Chevrolet,Egypt,2018-06-23,825
900115a9-ee14-461b-a03b-7781c99e0507,Grenville,Rouke,Isuzu,Indonesia,2015-09-29,865
daf657b4-f0ff-4bb3-bcd3-6732648ba5b0,Niki,Fortnon,Lotus,Poland,2016-04-03,455
9814c40c-ca65-471d-93fc-60e2b1427c57,Desmond,De Cleyne,BMW,China,2020-03-16,262
9ffed5f3-6351-4be9-9b13-a7dba0e98b1c,Gizela,Bakesef,Lincoln,Malta,2020-12-15,732
ef02c56a-6b73-4f57-a925-a61be51f411a,Avivah,Jeness,Buick,Canada,2021-05-10,59
c5838e98-f8cb-4673-a071-a6999cae2e40,Jacqueline,Dykas,Mazda,China,2021-05-29,568
0b7bcc10-7865-45ca-9b52-ab60bde97795,Pavel,Dronsfield,Nissan,Argentina,2020-11-25,164
79612bda-55a1-4c2a-a9bc-8babda8de9ec,Nate,Van den Bosch,Ford,Bulgaria,2016-12-25,568
fb605c8d-aa6e-4895-a14c-9fe2259ec448,Georgiana,Gerb,Buick,Brazil,2020-08-22,553
393f50e7-c860-4e58-bf14-aabb4a7897b0,Nanice,Wassung,Studebaker,Russia,2018-11-13,923
d78cdfe6-71f5-4dd4-a8b4-af848ad1bdf2,Agathe,Prantl,Jeep,Palestinian Territory,2018-12-10,728
1f03b1ae-1d4c-4dbd-ae31-bf68f9ecbbbc,Waverley,Pyrton,Ford,Japan,2019-01-27,48
eefa30ff-2424-47ad-ae10-a1a67314fab3,Wain,Clows,Mazda,China,2017-09-11,329
eb27cf90-9abe-45ce-9f30-f25cbcbdcfb1,Mab,Nevill,GMC,Russia,2017-04-12,241
a73a9bf7-cc6d-47c6-8596-38023ce3c3bf,Michal,Rowswell,GMC,Philippines,2017-03-06,957
0a08d870-14a8-48a3-af26-22b547d337ec,Jojo,Dunkley,Lincoln,Greece,2017-01-21,577
d2066c34-acb8-4780-be10-8cc2395e264f,Mikael,Piotr,Chrysler,Poland,2017-08-04,92
07cdfaec-fe95-4613-a8ba-1df43270ef06,Pippy,Pfeifer,Infiniti,Croatia,2018-06-19,897
08c05f70-715a-4d4a-88ca-776e0342a0fb,Jannel,Cleave,Alfa Romeo,Portugal,2015-11-15,688
48110206-8ff1-45f0-97a5-17e16a64bff8,Ellynn,Delong,Pontiac,China,2018-12-08,637
744c255d-a0bd-4c43-a842-671918330e61,Susie,Kuhlen,Lexus,Brazil,2017-01-20,958
405ab653-42bb-48c2-bcbe-edfeafa444dc,Kathleen,Pirot,Infiniti,Philippines,2015-09-08,93
3978b1f2-b016-4df1-9d60-18f8cdfa622a,Rhona,Eddis,Subaru,Morocco,2018-06-10,913
98f93ed4-9673-4f4e-a17d-7274026406fc,Richmond,Biasi,Chevrolet,Jordan,2019-12-13,693
04b226bb-95e9-4292-a825-21f1ce49c970,Rayna,Ritchman,Suzuki,China,2015-06-14,858
e6b093f8-7be8-43a1-8340-a391d8cb23a9,Maurizio,Stannis,Toyota,Philippines,2016-05-11,518
19b91495-1c2b-42e4-b74e-23c119ea276e,Fina,Beckles,Lincoln,Iran,2021-07-20,58
8ae10bb6-e85b-471f-8806-bf8c90903884,Merle,Alves,Mercedes-Benz,Portugal,2016-12-14,569
9c10c2c7-6b6c-46c1-8374-a4170377c14d,Miquela,Chellenham,Chrysler,Indonesia,2018-06-07,991
6b4bea38-1541-4c68-826e-087f59f1dc64,Aaren,Shallow,GMC,Indonesia,2019-10-08,729
27d12f74-d4fb-406c-83db-0bb7721b44b2,Sharon,Busson,Volkswagen,Portugal,2016-07-03,820
7db6865b-fd3b-4300-a9d3-63df23fd48dc,Brnaba,Hrinishin,Jaguar,Togo,2021-08-11,846
f575fae4-2daf-4830-9d50-e2a1701ec947,Paxton,Stockell,Jeep,Indonesia,2020-07-18,834
82e28997-515c-4e6c-bb47-0d4ced649c00,Claudine,Begent,Kia,Spain,2018-01-27,365
e4829557-8e48-40c9-9bd9-9c19faefd8ab,Sollie,Hedling,Ford,Afghanistan,2018-04-17,263
5d630032-06c0-420f-baad-6682d94b30b4,Edd,Olivera,Maserati,Peru,2019-03-15,461
7f482443-0776-4a2b-8915-42da12e42e41,Mattie,Reading,GMC,Russia,2019-01-25,787
909b337e-2762-4f47-bb1f-00595fa7d10d,Rance,Allaker,Ford,Uganda,2016-12-25,678
378c9e0f-791f-4e95-b6e5-5217a59fec08,Elihu,Berndtsson,Ford,Indonesia,2016-03-19,785
73bccdee-63bd-47d0-9b97-612eb0a95561,Quentin,Castanho,Volvo,Argentina,2017-10-02,397
bb60399a-cb73-44aa-af86-772243119c24,Guenna,Pocke,Subaru,France,2021-02-25,866
ead6d54d-84a6-49d7-b3f7-4c093d0bef13,Gilberte,Spawell,Chevrolet,China,2019-03-31,132
dd0e877f-f025-4c30-98a4-40337f9a4136,Stacey,Airth,Volkswagen,Indonesia,2015-11-05,921
e1cb895f-2560-421b-a8cd-5297119af33a,Gwyneth,Kelsell,Chrysler,Brazil,2020-05-18,289
72cc516c-f4fa-40cf-8780-133af12c6dc5,Melany,Paten,Oldsmobile,United States,2020-11-29,112
ad7461cf-901c-4dba-a12b-eba0a18cf8fb,Sosanna,Pakes,Chevrolet,Greece,2020-02-04,631
cea6a321-36fe-46be-9c61-9b158f269440,Bianka,Putley,Pontiac,Indonesia,2015-08-05,768
a8fe5dd1-f682-48c5-830e-00efd36a4b60,Vinni,Ziems,Daewoo,China,2021-03-07,502
7a6b657c-0c84-422f-89cf-c4d113c43571,Fredericka,Rapp,Mercedes-Benz,Poland,2018-10-27,640
288f5f9f-0676-43bf-aaa4-08d62e7ddb9c,Gaston,Flooks,Honda,Brazil,2020-10-19,757
d6740615-0e7d-41d0-89c8-6219e995d17a,Kristy,Powley,Kia,Mexico,2018-03-25,81
5dfaa2eb-1eba-47f9-8fc1-40d046303b66,Maisie,Rimour,Pontiac,Finland,2019-09-03,853
d60ea73b-66e1-497f-935b-8e616c2242bc,Wilmer,Mulroy,Nissan,Greece,2018-11-11,907
6cb2f1f5-ecbe-4222-84da-b5938ce2c847,Agace,Leguey,Mercury,Philippines,2018-01-28,127
af2f4eda-d92b-487e-bf1a-3cff7a1e839e,Pepi,Whicher,Ford,Czech Republic,2019-09-20,280
3451f864-1d4c-46f6-9e57-ce2700b17eb2,Ethelind,Putland,Toyota,Japan,2016-07-25,809
0edbb224-2e18-4903-90f1-0e9fe1d72a1b,Jazmin,Chappelow,Mitsubishi,Indonesia,2017-03-25,575
753e9b96-92fb-4880-97b6-fd45a275e6a8,Lark,Jeakins,Volkswagen,China,2018-01-18,766
1ea3a468-e76e-43e0-9f29-d32b6d2f92ce,Peggie,Pierri,Cadillac,Indonesia,2015-02-19,41
a13ff7b7-d998-4cac-8f11-689f7070d050,Jdavie,Radwell,Mitsubishi,Indonesia,2019-08-23,53
3ae8fe00-bae3-4043-93f3-e63de61f9076,Gael,Bratton,Ford,Canada,2015-03-25,914
da39e7c5-099e-4668-8a48-09a369c28060,Ethelyn,Pragnell,Volkswagen,Indonesia,2017-08-13,772
059a2da5-b5cf-48c1-bd6a-39aadf5011cf,Monte,Rois,Pontiac,Latvia,2021-06-01,840
f0374593-88ce-4245-9be3-9fbe429b587a,Nicky,Pietrowicz,Ford,China,2021-01-30,38
f2ff8797-8674-4a13-8f1f-ad2007859571,Davida,Bromige,GMC,Venezuela,2015-06-09,813
6e12ad3c-f556-48a4-93a3-6aed9da03070,Fae,Reddihough,Chevrolet,Bangladesh,2021-08-21,611
911c7664-e5dc-4814-8986-723f6e52f3cb,Neils,McGuinness,BMW,France,2019-09-25,439
3aee2c05-7ba1-48cc-85c1-3538acefcfbf,Andie,Dewsbury,Infiniti,Philippines,2017-02-04,222
7c18ad0c-3565-4828-81fe-26aac97f6725,Nicol,Headings,Mazda,China,2018-02-22,546
0e0de13a-073b-47fa-83e6-728094bec8d4,Jillane,Beuscher,Volvo,China,2020-01-23,943
fa88d3c7-29cc-4bc1-951a-80685ae40ce1,Joyce,Tesyro,Chevrolet,Madagascar,2018-10-06,986
fa827f1c-f82a-4f34-b447-a1cce1720ee9,Alasteir,Goodyear,Lincoln,Portugal,2018-02-27,676
c07c4224-005c-4dfe-9631-0817a7b6c77c,Jacenta,Macrae,Mazda,Brazil,2015-05-01,395
6e4b34a9-a268-43d7-9974-c54d901bb728,Tadd,Debell,Ford,Thailand,2016-02-23,208
acc70c55-06b6-4814-b816-4603aead3de1,Christel,Brimley,Mitsubishi,Philippines,2018-09-29,690
bbf62cc1-ec82-4394-8df6-97101d129f3b,Jaquenetta,Jeckells,MINI,Bangladesh,2016-04-14,978
63188f09-9a6f-457b-8b2a-0bb8117bc6b5,Alane,Stener,Jeep,Indonesia,2020-06-01,324
cd77afc7-1596-4f10-9c8a-4847b79b2b67,Constancia,Underdown,Cadillac,Philippines,2019-03-25,89
434ef28d-b1a8-4c03-a7f3-1d4e1b3292ba,Grover,Danilchik,Buick,China,2018-06-27,706
538e8ec3-260d-40b3-83fd-5f565cc5be14,Arlee,Francescoccio,Toyota,Indonesia,2016-03-28,925
e201d674-a426-4512-aa18-b186946e93dd,Dulcinea,Espie,Plymouth,Philippines,2016-05-04,142
ae9542cc-d09b-4f8e-ac25-0184c950e6ed,Bobby,Carragher,Chevrolet,Yemen,2015-11-26,431
383a6226-8f42-4ebc-9fd2-02405c80d2d9,Garey,Kimbly,Nissan,Macedonia,2018-09-15,615
69d2440f-1815-49e9-83d5-22a323d24945,Ardyce,Antonopoulos,Chevrolet,Ukraine,2016-06-13,888
ed1c61b5-6e61-4849-bcab-c4f42e566485,Mariana,Klessmann,Lotus,China,2015-05-01,666
44045768-d98f-4d90-85ef-784717aa6538,Alexandra,Aingell,Subaru,China,2020-02-09,767
912d3fdc-b668-4619-adb5-b292d823b726,Nanon,Thalmann,Ford,China,2016-02-29,175
a6dcc9ba-0fa9-4633-a7b0-ea2068bb1b79,Frank,Ingray,Suzuki,Iran,2020-09-03,810
7d7dc86e-3a45-4184-a440-09d4742ea0d9,Sabrina,Taaffe,Audi,Ukraine,2018-02-15,397
dcea2483-d415-4e43-9edd-49cb6265c19e,Sherry,Blare,Mazda,China,2021-06-13,682
2878b100-08a4-4839-9378-c3fe4ac74c2e,Idell,Obispo,Ford,Palestinian Territory,2020-06-13,426
953414cc-6fe3-4c54-8f7f-9e23a0033cec,Adora,Burril,Nissan,Colombia,2021-06-01,408
f1f6e3d2-1990-48a1-9102-73af516aad6a,Warden,Belin,Maserati,United States,2019-03-04,146
488f5842-2d92-42e8-bee5-1e8a561c5563,Rania,Raspison,Audi,Brazil,2015-05-19,913
d1b08e91-4574-4418-83a0-3c3b06752651,Melosa,Chattaway,Lotus,Sweden,2017-11-05,465
87254596-e650-4655-99d4-d5c9499daf70,Glenn,Diego,Acura,Poland,2020-10-24,115
c2c63fbe-9d27-47ad-a997-44ff780c1a6b,Odetta,Giff,Honda,Indonesia,2018-10-13,357
41be12cb-662c-4f51-99f1-f0801abebfc1,Abbie,Jelk,Kia,China,2021-04-06,470
c0b1b1bc-9de5-4829-8d5f-2cd968119ced,Tomasina,Paniman,Jeep,Peru,2019-01-04,429
f3e482b7-6430-48af-8b68-9722f6cd3fe2,Galven,McLaine,Chevrolet,Portugal,2020-04-09,760
96a179e1-06dd-4c09-9371-819d07e2d5ba,Andree,Cromett,Mazda,Philippines,2018-07-02,79
fd4662f3-6842-411e-be5a-9ff0006a843c,Alanah,Ells,Toyota,Iran,2019-12-20,899
2f050e65-05aa-4987-87f8-26bff75c8c40,Alford,Isaacs,Chevrolet,China,2016-12-24,132
b72af1d1-70a3-4d97-8c0f-37ac1ecec0d9,Darci,Emmer,Toyota,China,2021-03-02,21
218c198f-4592-4096-8260-f736b66fdd76,Bart,Tollfree,Oldsmobile,Indonesia,2020-12-19,674
05bb0279-5ff1-4b6b-b255-6b1bb6c6f6e0,Aurora,Rois,Dodge,Croatia,2021-08-12,261
a861bc94-a927-4736-98bc-d1ad0cc409c5,Katrina,Jacquemot,Subaru,Panama,2020-06-06,437
e5540c09-434b-4755-8274-5aa7e4391a6a,Federica,Rushforth,BMW,United States,2018-05-12,927
a23f99c5-a677-4d49-a769-90ab7dae970e,Allie,Bessom,Chevrolet,Portugal,2017-12-08,535
d9cedb45-cee0-4264-8d33-7583fa638d11,Matthieu,Dytham,Ford,China,2016-09-08,553
5f1dd66e-c708-41b5-bdf6-2fa58e59c553,Audie,Fosbraey,Dodge,China,2015-03-05,108
164919b8-3c4f-48ec-94ca-4ba5cdf506e6,Samaria,McQuaker,BMW,Mongolia,2019-01-21,908
2e8818d5-65e5-4de3-834c-96a8b1b53fb5,Kelbee,Yakovl,Mitsubishi,Indonesia,2016-04-20,649
9c7f183c-ccd5-4ca3-9a98-fe34b8a01577,Raviv,McSorley,Ford,Philippines,2020-03-05,975
6655377f-d819-4d41-8bb8-157d3f786652,Diane-marie,Weald,Cadillac,Japan,2017-04-04,402
4f5e9aac-98c8-4ef8-b60e-9acc742f46f8,Ikey,McCaskell,Volkswagen,Philippines,2016-09-13,882
984e0b7d-4135-420a-89ca-05e668599bf5,Jennine,Walles,Ford,China,2016-03-16,917
8bec9ec0-d25f-4f74-b50d-36fe70b0f709,Ronni,Kenchington,Maybach,Russia,2020-11-03,124
868eba05-1db8-42b1-ac1a-39c9cfd502b2,Berky,Gasgarth,Acura,Czech Republic,2019-02-19,52
99934d6e-2434-45e8-aa57-77dc6e3fefe4,Charlotta,Childrens,Cadillac,France,2018-04-26,359
d3ccbe1d-9bef-4b1c-961f-8692bfef27c1,Kathlin,Lambole,Volkswagen,Philippines,2018-05-13,676
4929fd22-d7d0-46bd-b97a-a6812d6a0fb1,Adlai,Imm,Honda,Luxembourg,2020-05-09,690
48428ac0-9252-4441-bed9-31229e531f29,Fonz,Bouette,Rolls-Royce,China,2016-08-14,647
5df3a365-4c3f-4e87-ae46-fcf58381fd93,Lynette,Phillipp,Mercedes-Benz,China,2016-10-21,364
2f172fc9-a33b-4f18-a73c-e3ff0e3c1594,Pammie,Codeman,Aston Martin,Russia,2020-08-06,73
3eb32d0d-4c7a-480a-bf44-401056572541,Morganne,Prescote,Hyundai,China,2016-12-31,500
40a4e349-2654-43c5-a724-4ceb23ac2371,Ode,Libbie,Toyota,Colombia,2017-12-12,29
a967c572-c0a0-4e0e-bb05-4eb7ee6f0bb8,Vinny,Damato,Mercedes-Benz,Portugal,2016-11-06,297
b0519c9b-541a-44e4-81ae-0bf67cbce592,Darsey,Lowings,MINI,China,2018-01-19,815
c2af529a-86d3-4e9c-ad59-6fc11af9196b,Mayer,Dicker,GMC,Indonesia,2017-08-06,35
a3d99287-d9a5-4b20-a8a5-85fd663db59a,Bil,Cowx,Ford,Portugal,2018-11-18,103
dfa3880e-abe6-46d5-8655-9497a6566d9b,Emilia,Gullane,Volvo,Indonesia,2019-02-16,818
d619b9b6-d835-4e13-80e4-5171084bae71,Emmi,Henrot,Lexus,China,2019-09-01,526
00f29853-e76a-4e3d-b39c-746615a62c7b,Abbey,Hatherleigh,Lincoln,Philippines,2017-01-31,16
6128c8a4-1e9c-498f-9183-565eb0cf28c3,Gianni,Bramsen,Ford,Indonesia,2015-08-17,558
92030279-6496-463d-a5d6-cf9811d36940,Maurene,Skiplorne,Maybach,Indonesia,2016-12-07,38
95219402-07da-4b22-9a36-52ea262159aa,Renelle,Sacchetti,Ford,France,2021-02-12,201
db6fbb02-4635-46d1-bedd-682436a5d228,Felic,Gifford,Aston Martin,China,2017-06-22,620
07c4c4a4-425e-4fde-bb1e-2f0c11eb487e,Brina,Lintall,Peugeot,Brazil,2017-11-02,878
bc42336b-91ff-4377-8d7e-16b0ac2f88da,Rolfe,Durie,Ford,Venezuela,2020-02-29,504
2d73cd03-ad0f-46e2-bc18-a436769527b4,Eleanore,Strooband,Infiniti,Denmark,2020-01-02,140
26bbf71c-ae56-42f5-82ec-855cfc86c0e1,Viole,Cavanaugh,Volvo,Indonesia,2020-04-30,621
e73ed1c1-f36c-4f88-8003-f07eb7fe692b,Arny,Sich,Pontiac,Argentina,2016-07-23,697
02c955e1-ed1c-48e6-a8a4-d54b44eb30af,Taber,Rodolf,Ford,Indonesia,2020-10-09,519
5ed63043-c88d-4ed3-8814-edca9db0f08b,Flint,Tindall,BMW,China,2019-04-03,281
a78b959d-635b-419d-b6de-11c5af1921d5,Ardelle,Screech,Suzuki,China,2021-03-24,441
dded6d79-72fa-41bb-9933-ee50c9a4e0aa,Sallyann,Silburn,Mazda,Czech Republic,2016-10-17,662
5a240aa1-820b-4140-a61a-4c7bf1d6857f,Maxie,Shinn,Mercedes-Benz,Tanzania,2018-05-16,101
fa9f18bd-3d84-4f72-8ab2-99a8721c9c75,Winifield,Anger,Isuzu,China,2015-09-05,150
9de7fa4e-8a37-4251-bc85-cd464d90610e,Jennette,Janeway,GMC,Peru,2017-01-07,968
ebf7eaf6-75b7-4318-8008-2ddce5165313,Breena,Coverley,Mitsubishi,Canada,2020-08-17,290
4c98d1f0-1dfe-4e47-9fb7-65bb65f6e077,Veda,Matejic,Mitsubishi,Indonesia,2017-06-20,407
8508f397-c528-44b7-b189-c8d10a78cd7d,Alena,Colaco,Mercury,China,2021-03-01,730
47348e9b-7470-4e58-bf96-a5e6f072b2c7,Zulema,Glasper,Ford,Honduras,2019-01-19,793
7b8324df-7b80-4e93-b1b6-d41c5043f0c4,Willow,Stansby,Acura,Sweden,2019-08-10,770
093ff724-2fd4-4c53-b2b3-2ca3db7368dd,Olivia,Larmor,Chevrolet,Denmark,2016-08-10,695
80515c24-eb00-42fa-a7da-510dbd09d4b8,Dulcy,Dugald,Volkswagen,Angola,2015-04-04,72
e7b92a78-279b-460d-aaec-84411a092061,Neel,Kubu,BMW,France,2016-01-06,280
b1441d41-8f26-4be4-b7e9-e69fda8b1feb,Dougy,Girardi,Chevrolet,Indonesia,2017-02-19,585
952d375f-5937-4f01-8ab7-705f788a320a,Wenonah,Mohammad,Volkswagen,Nicaragua,2021-02-26,240
bb0525ff-ff08-4a55-aef6-978e0393bed3,Tadeo,Severns,Hyundai,United States,2020-01-28,240
8f942255-6718-4227-9867-6ff2cfc0e5b5,Georgine,Vinecombe,Isuzu,Bosnia and Herzegovina,2017-02-14,293
6d286f2e-56f3-4e50-ab04-e7c07edce713,Berkie,Ivanchov,Pontiac,China,2016-08-20,513
ab27d90f-acf5-4e49-80a5-220b69770214,Teresita,Macer,Dodge,China,2021-08-14,468
e031443f-c47b-4d22-a9bc-e4a86e6f1bb7,Elie,Ginnell,GMC,Czech Republic,2019-09-07,515
5b230ac5-6e41-49a9-8119-6c92367aca1d,Vida,Berkery,Volkswagen,Sweden,2021-02-09,357
07bcea47-06f8-4b18-b97e-86a917386484,Eduard,Roycroft,Hyundai,China,2015-11-06,889
73410ba2-a3d6-4662-9cdd-1e680cc24cf8,Hailee,Iveson,Nissan,Belarus,2019-09-01,609
5dc425fc-ce32-4824-943a-45bdd919177f,Jaquenetta,Dhenin,Maserati,Nicaragua,2019-08-22,731
5f7104d3-c3c8-4b36-b752-c65c615bc956,Cherye,Fenne,Mitsubishi,Peru,2017-02-26,146
a9f6e09a-f439-4573-b43e-5452c36595ac,Stormi,Hourican,MINI,China,2017-07-27,436
9fa57852-d4d4-41c4-914e-7aadbc4db0c8,Hadley,Edlin,Audi,China,2015-07-16,417
17ffb436-7945-4fce-baca-5331b48db942,Liza,McNeilley,Chevrolet,Uzbekistan,2016-08-10,269
ae944877-eed9-4dc4-bd05-199b356b1552,Nolan,Vel,Volkswagen,Russia,2018-09-28,578
2cbd68da-6756-4991-afc5-0a43b5725fe3,Rey,Klessmann,Ford,Peru,2019-06-12,688
1a3ff3a4-eb48-4aa0-a3dd-e0b1cee32733,Elke,Wilhelmy,Pontiac,Indonesia,2021-03-25,8
2bff2e1f-f337-4631-9616-6a0610300746,Cletis,Kincaid,Maserati,Sweden,2019-05-20,475
d9c6b273-b4f7-4e0c-bdbc-2bd8ea5411cf,Corbie,Plimmer,Kia,Japan,2018-04-24,432
03d809ce-c6c4-45e5-9d98-cbc2d2706e35,Sidney,Carson,Nissan,Portugal,2017-04-25,97
079e27e7-47a3-4021-ab3f-c0ff2673508b,Cecil,Nowill,MINI,Yemen,2018-05-04,870
ae08a3f1-2ed5-4d24-83c3-7ae97500b0a5,Lefty,MacDiarmid,Toyota,Uzbekistan,2019-05-29,283
1215d8b8-382b-4a13-b40e-bcbc7d8f20e4,Carolus,Yesichev,Lexus,Russia,2016-11-29,522
3f9581c7-6f71-42de-800f-c6e29fbe62ae,Jamil,Saxby,Chevrolet,Japan,2018-08-24,92
462de4be-ef92-4f60-ba9f-ce88357d99d3,Estrella,Beagles,Honda,Indonesia,2020-11-22,407
f255fb4a-a020-4eec-b2f9-f9014e68e7d9,Wrennie,Jurries,Toyota,United States,2021-06-09,240
1ba2508a-c6c0-480c-85b7-1ee1c2abbc07,Saraann,MacAlister,Pontiac,Albania,2015-12-26,101
93ca4bc9-e599-4771-a82a-8ef668463455,Mariele,Maiklem,Eagle,Portugal,2019-07-25,320
637c39e5-9bec-45e3-aed0-70e45f06361c,Beverlee,Rockall,Mercedes-Benz,Togo,2016-10-20,332
e4560ee0-1b3b-489c-ad19-ecde788e5282,Tomas,Hachard,Ford,Zambia,2015-04-23,946
0af32adf-922a-4384-a116-b2078a5ea2d3,Michaeline,Goacher,Buick,Indonesia,2017-12-08,322
ca4fb068-fae5-492f-9a57-9cabd93fcd98,Marlo,Loynes,Buick,China,2020-02-27,27
f189fd92-95d3-4439-ba81-72ccfd28624b,Andonis,Moncreiff,GMC,Sweden,2018-06-19,593
d2cfe8ed-4724-4fe5-8204-df52cd0fce0b,Sutherland,Gomery,Nissan,Saudi Arabia,2018-01-24,392
a7144ab2-9751-4e48-a757-e841dad47e2f,Ashlen,MacSkeaghan,Ford,Bhutan,2018-07-09,522
71425368-e301-441d-82c7-f1b9fd501667,Sybila,Quinnelly,Chevrolet,Indonesia,2019-12-16,595
f7a8e3ee-0e8a-4b31-9dce-79b1dc75b162,Marijn,Sorsbie,GMC,Poland,2015-06-27,50
53ec5c8c-3481-4763-8383-7f8efa5ef1f1,Lock,Franceschielli,Chevrolet,Indonesia,2018-07-08,969
33222ada-29a6-458b-abcc-a4b61595f926,Wittie,Bleue,Isuzu,Thailand,2015-04-15,560
c184ed1b-b160-4eb8-8874-d7d6a6e0c299,Rayna,Hamm,Buick,Philippines,2020-04-17,134
62dca7ff-7357-410b-9aba-93a40b9ca2c0,Jade,Palfree,Land Rover,Cambodia,2020-03-03,473
5aff78a8-ffbe-482c-820c-262f9793872e,Lazarus,Murrill,Audi,Madagascar,2021-02-22,386
2cb6b250-1d7a-4be7-a96a-a0a1a8f72129,Luciana,Sames,Ford,Czech Republic,2018-02-01,812
c2fff5a9-2a9d-40a3-8e68-bf5fbc195d51,Augusto,Cheke,Pontiac,Philippines,2021-02-11,691
0136e687-cd0b-4c49-b28d-39efdae848d0,Tobye,Scarsbrick,Mitsubishi,Kenya,2017-01-04,770
dc057715-c4f7-4aaf-9a86-e7c53ce82c34,Bobinette,Mawtus,Chevrolet,Indonesia,2017-10-20,932
7b52d652-f745-4f95-ae5a-aaca957968c6,Mickie,Foyston,Volvo,Mali,2019-08-05,523
cd68d4c1-5301-4f4d-b101-abeb379bcfa6,Pooh,Braybrooke,Audi,Indonesia,2017-11-22,973
10d5f086-d7ce-4360-a178-8448c247d7c5,Christophe,Turfus,Chevrolet,Brazil,2018-11-25,52
80a8cdd8-de24-4944-9139-fc837fb0366d,Smitty,Ennion,Buick,Philippines,2017-04-10,969
b85bfc30-e0ed-4a4e-ac94-f854ffac687a,Georgeanne,Varker,Chevrolet,Greece,2017-06-20,438
b90ab56d-f419-4f59-901e-e86ef75ce00c,Aubree,Taffe,Mitsubishi,China,2016-05-16,841
08dd8a88-7fb8-4c80-90b0-072d1a5f9947,Keriann,Orgel,Chevrolet,Iceland,2019-09-08,957
92ece9cc-2e23-4634-906b-000754048845,Sallie,Silvers,Bentley,China,2016-02-27,860
07ac1078-e0c7-4af3-926e-82b0e98ff16b,Josephina,Saura,Mitsubishi,France,2015-05-08,106
cfe79e2e-4f70-4757-90fa-1d73776c6932,Dareen,Fronczak,BMW,Czech Republic,2021-08-20,852
85463bb3-1b2f-4743-8d49-e63a6cc74d6b,Judye,Proudlock,Dodge,Albania,2017-08-02,352
bd404a20-5ce1-4787-98b7-eaaa8de2ab15,Reeta,Camillo,Plymouth,China,2018-11-22,127
66a561e3-364f-46f8-86a0-ffc17956b499,Daniella,Yole,Hyundai,China,2019-10-17,690
56bcb797-a600-48bc-96f9-f4adfc58412c,Gratia,MacAless,Nissan,Indonesia,2016-02-03,787
a6c1c9d9-f62d-45e2-b698-fbd9a37fcd32,Fania,Alford,Volkswagen,Portugal,2016-10-20,29
699950d4-7d26-432d-a5b3-6bffa47932de,Simonne,Lain,Mazda,China,2020-11-26,510
b704d3ce-8490-41d9-b15a-85569b739565,Adrianna,McPhillimey,Saturn,Czech Republic,2016-07-03,405
46dd8075-caee-4aa9-8463-6a610d9c75ee,Garnette,Elbourne,Chrysler,Pakistan,2015-05-14,129
514c3016-b6a1-45e9-ada8-356c35768ef2,Brucie,Sinnie,Daihatsu,China,2020-04-25,667
65881f85-9912-4695-9bbc-9fd1d41d3c04,Helen,Shillabeer,GMC,Thailand,2021-06-25,368
9fd988ce-3888-4033-85b3-f2b1ee688633,Fleurette,Wogdon,Plymouth,China,2017-11-12,59
1b48a96e-31fe-4a4b-8e4e-502faf25a878,Terrye,Sommerland,Hyundai,Portugal,2020-08-22,192
cc55759e-c23b-4c79-af0a-1c587721d845,Lazare,Yeabsley,Audi,Brazil,2019-11-23,8
8a019f51-1214-4413-b5c9-ba9b01657cf9,Helene,Rappoport,BMW,Finland,2021-05-16,69
2f2c1244-d723-4599-91ec-734a6e08324d,Kelsey,Mottini,Jaguar,Germany,2016-03-15,855
22b95807-782d-424f-9606-24e0e42199a0,Wallace,Berr,Ford,Thailand,2020-10-29,495
2feb14a4-3d3a-4fdd-915c-c5f160600a80,Carr,Odger,Mercedes-Benz,China,2018-12-08,305
1593aa8f-2320-4b46-af3f-3b52cb84178d,Walt,Gummie,Dodge,Malta,2018-06-12,209
44728f1a-7c20-4300-88a2-5bd20da2c99f,Maddalena,Eacle,GMC,China,2016-03-14,406
f8c8ab87-838f-4c3b-8dc4-751d8348c6c2,Roy,Prandini,Honda,Philippines,2016-10-12,143
61f63ab0-4936-4202-b3de-de4d93449387,Denyse,Cresswell,Toyota,Vietnam,2018-07-31,519
fccd78cf-0186-4a9c-a2ff-ce2a21f413f6,Kahaleel,Leckie,Plymouth,Poland,2016-10-15,370
5ff6c286-f5f6-49bd-908b-e8a7a8d7c015,Leia,Emmatt,Scion,Indonesia,2019-12-06,589
6fa71887-6315-429b-bfe2-a4f922b13ea5,Mona,Darcey,Buick,China,2015-08-05,675
fa6081dc-5b4f-4657-8362-fe372cb94bfb,Rick,Ballance,Mazda,Indonesia,2021-06-07,26
c5586e53-957a-4261-8bd4-c08da21881d3,Datha,Greensitt,Subaru,Russia,2019-03-16,888
9744c6d3-fb18-486b-9252-6b59561bc5b9,Ruben,De Caville,MINI,Indonesia,2020-10-29,811
31261bb0-cda4-4e1e-a3e1-76d9a8d3f213,Avis,Eastway,Ford,Brazil,2018-01-29,672
712872d1-5403-4111-93b2-961708a28c91,Clarence,Presley,Chevrolet,China,2015-09-26,763
a7f19074-0c16-465b-a922-c17621ca3e29,Marj,Normandale,Acura,Russia,2018-11-19,754
0a261a56-534e-41f3-9beb-498f355f410f,Udell,Chatainier,BMW,Philippines,2019-12-03,887
5791bf97-2926-47d5-a4ef-dcd08fbcb2c1,Lodovico,Benit,Pontiac,Comoros,2018-12-19,857
fa31f107-8fef-407a-aee2-b27c85844698,Ricoriki,Benedetti,Ford,Vietnam,2019-04-28,457
c7f3ee8b-d5a3-4b4f-9a22-07a6eaa1c6a7,Ravid,Bendix,Dodge,Thailand,2017-09-18,799
7251759d-f0c3-4020-8ef2-95fd34fba62e,Ripley,Studdard,Volkswagen,Poland,2017-09-13,745
1b005969-dac4-45de-abea-2c19ae974ed5,Phaedra,Tasseler,Chevrolet,Brazil,2016-04-28,613
fc3bb098-e7d7-41f3-b0af-7f91e42773f8,Yorke,Rashleigh,Maserati,Libya,2018-01-08,533
f39c0aef-0210-42bb-9acf-c8e6921fb7ed,Verla,Verillo,Mitsubishi,Finland,2018-08-03,729
51ba2be4-8aba-4e0e-9ec7-ab33dbb1fd7d,Prudence,Scamerden,Infiniti,China,2021-07-31,150
1f62eb56-4795-4bb5-bdd1-2496f6c7f91e,Christian,MacInerney,Chevrolet,Portugal,2020-01-21,472
3053609e-3f72-41b2-a098-23df32f02683,Glenden,Gelland,Lexus,Peru,2020-03-11,681
bd376566-9bfb-4118-9b93-1167c13474c6,Imogen,Behan,Saab,Indonesia,2019-02-15,861
0c26152b-2cc8-42ce-98cc-e479b8559f6d,Magdalen,Vanyukov,Mitsubishi,Panama,2016-01-05,665
06f08fd4-511f-47e8-ae27-8fef9f3a8dd5,Elisha,Mechem,Lincoln,China,2017-10-10,659
c408c03b-3705-4c37-9e0d-3124f7909a3d,Reagan,Aleavy,Kia,Poland,2018-10-17,72
f25ab1e7-fffe-4561-a72f-be9a4c18d067,Turner,Aldous,Volkswagen,Indonesia,2015-03-21,52
bb17f615-5993-4688-a978-55ae00d035af,Sam,Wyles,Hummer,Indonesia,2021-03-14,595
0e83bf57-ca59-4fcd-9906-8aae7dafd86e,Moyna,Farnaby,Volkswagen,Mexico,2016-03-25,673
352f093a-40a4-4bbd-8093-afd6627350fe,Sonnnie,Goodbody,Toyota,American Samoa,2015-07-17,309
76987c85-6927-4b9f-a835-f043f4bd02a8,Bella,Wickstead,Buick,China,2018-04-11,57
5c84956b-c05b-475a-90e8-5ef536d9fb96,Frederik,Agates,Cadillac,Colombia,2016-11-06,11
8808bd07-736a-44cc-ae21-d760fd38074e,Sapphira,Gerardet,Lexus,China,2018-09-02,124
f0bd1d33-67eb-4060-8358-700f41aca29d,Raine,Elles,Bentley,United States,2019-01-04,145
a72ea7fd-5652-4d15-86a2-e703082c2923,Franny,Frogley,Bentley,Portugal,2019-08-31,92
57897b16-d434-434c-97f9-3132e3a9fa19,Kiri,Eversley,Volvo,Saudi Arabia,2015-10-21,307
3b2b5a36-0fd5-4623-8b3e-a7b92829daff,Juanita,Sawood,Honda,Portugal,2018-04-17,451
35941eff-07d5-4ee1-8a5c-590997fe0c5d,Becki,Jaquest,Chevrolet,Indonesia,2016-02-15,197
0f268aec-1e22-4415-81f1-325541e387b8,Maure,Crippill,Cadillac,Zimbabwe,2018-05-30,786
76b68280-c326-42d9-bcde-4a873307b789,Blanca,Galiero,Jeep,South Africa,2021-07-18,260
8ea28dc2-9c4b-4d39-8c9e-1bc34b79b0e3,Guillemette,Meriel,Kia,Philippines,2017-09-11,84
defde7f9-35a5-4f60-a6fc-9c73237e48ec,Amie,Ather,Dodge,Nigeria,2019-06-05,772
8650e31b-fec6-4b39-b33e-d08d414df16c,Gray,Pavis,Pontiac,Indonesia,2015-02-20,954
2edb8b68-7439-4fc3-9a13-d133d7d39797,Olvan,McCrea,Mitsubishi,China,2019-05-13,226
e3e15408-4cd3-40ed-bb92-145fe13b1453,Kayla,Ebhardt,Suzuki,China,2017-04-23,703
0cb6c21a-826c-402b-86ab-61af12cea261,Doris,Chaudrelle,Ram,China,2017-01-17,355
3875d970-1e52-4aec-aef6-2e4a52790252,Artie,Angier,Toyota,Peru,2016-09-06,485
b38f79e5-92fb-41ca-97c5-06806ae9a22d,Shari,Dafforne,Ford,Philippines,2019-10-03,56
d3b75237-6c2a-4e80-9204-8415bc32ff27,Mellie,Satyford,Mitsubishi,Botswana,2017-09-27,717
0b67e7dc-eb9b-461e-88d0-2dcb70b71cd5,Benny,Collihole,Mercedes-Benz,Philippines,2015-01-19,753
661f52a7-83d2-429b-8f7e-e3eb75fd57e5,Roarke,Benbrick,Dodge,Albania,2018-10-07,757
cb7987bd-1b47-4a71-aacf-3a9cdc701071,Haley,Jolliss,Saturn,China,2020-07-21,278
b24573bd-dff3-47dd-9d65-a3a4dc54ce69,Lennard,Gailor,Ford,Indonesia,2016-11-18,891
5b7d9901-cfe3-4c6d-b791-8265e98807b3,Howey,Fair,Hummer,China,2018-09-08,729
868e8360-8e51-465d-9099-90e41cb13260,Chantalle,Batcheldor,Ford,Cameroon,2018-12-29,31
a2ef54b7-a77a-474a-93b5-2745f2112cb7,Chaddy,Mortel,GMC,Philippines,2018-12-17,971
1012bb13-7812-4e23-879f-21789d58a04f,Robby,Tomczak,Mitsubishi,Italy,2015-06-08,712
f6bfd55c-b80e-4051-be73-fae128f00556,Jermain,Grenville,Lexus,Thailand,2016-04-29,247
90d7f0cb-b0ca-4b29-a720-ef93aada53c4,Garnette,Margeram,Honda,Aland Islands,2015-11-17,354
fafb854f-0eb7-4a0b-ae07-556bcb21f7f0,Vin,Kerton,Audi,China,2020-05-02,712
66e41417-7668-4616-ad90-b433e9fd6edf,Irwin,Newcombe,Chrysler,China,2015-12-20,210
61f5034c-94e3-4ffa-ae81-3a65ce60cbe6,Gabbi,Corey,Lexus,Indonesia,2016-07-09,718
2c14fe7b-c91f-4b4d-a920-1c42431dfc46,Terza,Peirone,Volvo,Russia,2018-03-28,600
d542c8bf-ec10-4760-b2bd-dcd7f291b45f,Hubie,Yukhtin,Oldsmobile,Ivory Coast,2017-08-14,947
c11beae0-bab5-46ab-a75b-f0bfc17cefa0,Sigismund,Samper,GMC,Niger,2018-09-11,951
e0d2b0ae-ee52-4417-9605-bcd86925f5fd,Torr,Hunstone,Bentley,Iraq,2018-05-31,354
c873db92-4a83-4cc1-9183-a18c70b4ff07,Way,Braznell,Ford,China,2017-02-13,555
d964a05f-d32d-46cf-8952-4c097b4f60ef,Cecile,Greatorex,Suzuki,Kyrgyzstan,2019-09-29,402
584ab5c9-092f-4bef-8a75-7f33ea2b6bda,Batsheva,D'Adda,Mazda,Brazil,2018-07-24,201
c07a9547-7932-4b3b-b3ff-3b35dcb6d250,Marje,Petrina,Kia,United States,2016-08-22,625
636c1d06-b3de-4295-8bc0-a01e56c94fe5,Starla,Haddacks,Ford,Malta,2018-10-19,364
4cdb5c45-940e-41b8-a4ec-d435782d207e,Amandi,Turbayne,GMC,Japan,2018-09-11,301
9a877dd6-45d2-422e-b4df-a80d91749cf8,Natka,Fenge,Hyundai,Indonesia,2019-08-27,541
69c29a11-1b9f-4edb-9357-1ef2bcdd0880,Cahra,Macrow,Subaru,Cameroon,2016-02-08,545
8406a4c1-ce2a-44bf-b0b7-20b99b7b19d6,Leeland,Coward,Maybach,Bulgaria,2017-09-26,300
2bb2921d-d164-45e1-a5b4-36b9bb26254f,Dwight,Riding,Volvo,China,2015-03-05,471
b20efc14-3f23-43dc-9e13-549a4c0550d7,Rosene,Ortega,Ford,United States,2021-06-19,842
4ec84d4a-81a3-4208-8095-ea57b0a0d95b,Mitzi,Kivelhan,Dodge,Brazil,2015-09-02,700
3be729d9-c352-4a39-9a90-a162e2308f6b,Elia,Crompton,Chevrolet,Afghanistan,2020-06-28,728
a22f9576-097a-4577-be59-3bd4b15859e9,Roch,Hache,Volkswagen,Canada,2017-12-13,917
391699b9-718f-4dfb-ab07-be23cd28bf5f,Zacharie,Sydes,Subaru,Norway,2018-08-12,970
a8b07c30-aeea-447d-a825-cb63867bdc6d,Khalil,Ingreda,Mazda,Afghanistan,2018-04-19,927
4fb44054-d75d-4dfb-b37e-43fe3850130a,Chrissie,Penner,Aston Martin,Peru,2019-12-28,152
9ed10804-3952-484f-b9d4-f0812f549981,Nye,Memory,Suzuki,Sierra Leone,2020-08-15,793
ef1b3657-b9d2-4bbc-91e4-76ebcbf18619,Kelila,Worlock,Jaguar,Indonesia,2017-12-21,963
6b859701-cfff-420f-905b-631b43b285de,Bradan,Edgeson,Subaru,Russia,2019-03-12,465
79663ef5-5dfb-4b76-9d28-1125e353f04f,Barbabas,Lappin,Volkswagen,Brazil,2021-07-19,795
182583f3-40bf-4cb9-9d3d-e87db65511e8,Garvy,Defries,Dodge,Thailand,2017-05-09,384
e2f498a4-8fa5-448a-bf70-2fa130194118,Betti,Pedrielli,Ford,Czech Republic,2015-11-23,919
6fbc2ffe-df12-4af4-8740-d6c8f2a82b90,Buddy,Longmaid,MINI,Russia,2017-05-11,987
065081bc-cdad-4871-baaf-bb7f94178c7d,Frankie,Winks,Dodge,Brazil,2020-08-18,125
c4f441ac-ee52-442e-84f1-a274738f7b1f,Haley,Doxey,Ford,Pakistan,2017-04-15,850
d8602fc0-0c05-44ba-b252-f1c24c6ef88a,Sigismund,Bleddon,GMC,Indonesia,2016-09-18,665
24604c83-92cc-4375-b2f1-a83df1de9001,Lorne,Battelle,Mitsubishi,Thailand,2020-08-31,903
5e8ac435-fac5-437e-a63f-0f934c63ff87,Base,Bewshire,Mercury,Thailand,2017-04-25,268
a1a57d2d-718e-41ce-8815-a38dc8c260fe,Ty,Gladhill,Pontiac,Brazil,2015-12-07,68
5b370dcb-69eb-4447-83f2-07a040997f64,Jarrad,Brownlow,Toyota,Philippines,2017-09-01,770
b489f9b7-38ba-425d-82f6-2f878cc8d9b8,Lesya,Parish,Pontiac,United States,2019-07-09,367
bfa00c2c-81c3-4ef6-89bc-180ae3496e67,Hugh,Copland,Isuzu,Russia,2020-01-17,300
2412d5a7-30ba-4a40-a2af-f2b25113ec7c,Izabel,Woolgar,Chevrolet,Philippines,2016-04-14,975
67b6631b-dc1f-4443-9e1b-d6d6dcc7ea8b,Keelia,Extence,Ford,Chile,2018-08-11,66
6bb68d48-f103-44b0-b81d-11087ab25294,Galvin,Ferrillo,Ford,Costa Rica,2017-12-13,68
f2abdef0-20a5-4ff4-bab9-2f09453da9bc,Grace,Grace,Volvo,Russia,2019-03-25,294
75b1523e-cec4-42a5-8445-adf46a5635e4,Rosalyn,Clacson,Lexus,Mexico,2018-07-30,8
442b9d2a-7351-43c6-8318-27d97d671c05,Mab,Guthrum,Honda,United States,2021-01-12,31
7e6ee254-722f-485f-881e-f98967245e2f,Blane,Colenutt,Saturn,Iran,2017-08-06,673
efdf1e66-733a-4680-893e-17c89c51c648,Romona,Duquesnay,Pontiac,Yemen,2021-03-05,674
e1d50711-54aa-4014-b9cc-1f0a960c8d5b,Jolynn,Dowdle,Honda,Poland,2021-03-10,598
8ce742ef-64bf-478a-b2c4-ccbae86b8560,Kendal,Dayton,Mazda,China,2020-12-19,599
302ea08b-7986-470a-a765-55661975f847,Gilberto,Luigi,Mazda,China,2019-12-29,520
27e66840-b696-4e15-a59b-6bd8aa02d5b3,Chryste,Menichillo,Porsche,Philippines,2020-02-15,617
464dc443-75c9-47d7-8c0b-11413d3912e8,Lou,Smissen,Plymouth,Canada,2019-01-12,517
8601e08e-687f-477a-8f0f-e64b4f32e90c,Stanislaus,Antonoyev,BMW,China,2016-02-03,528
00e43680-b27e-4573-b0be-32b0123da78f,Liliane,Nassie,Audi,China,2019-04-17,20
c34a9e4a-7ef6-4dcb-a23d-1db34f17ba44,Jacques,Meugens,GMC,Portugal,2020-09-17,230
53b674e1-d3a9-4c89-9048-f8f22b546a1b,Seymour,Coxen,Honda,Vietnam,2020-02-20,768
b57dd5b1-cd9d-4654-a9f1-bb90f9befe66,Harlie,O'Ferris,Mazda,China,2021-06-12,363
b4f06842-6ffe-47a9-a2d2-a0300951a303,Lance,Sporton,Hyundai,Brazil,2017-07-19,62
1c820dad-0b84-4737-a09b-bb78a5ac1268,Angelle,Hartrick,Lincoln,China,2015-08-19,488
c8bfda12-c883-4b19-a7ed-ff87f4277e95,Iormina,Cleaves,Buick,Japan,2020-08-19,30
ab4169a2-acd7-4929-920c-6dbe1643dc6a,Tara,Spurway,Ford,Philippines,2020-07-29,197
37d401d4-2d23-41bb-83f4-5c9462e8c643,Gae,Durman,Audi,Thailand,2016-04-25,928
6cca8d91-bb3d-4e94-bc07-08f0340b5dc4,Elsy,Jennrich,MINI,Czech Republic,2018-12-11,54
8d59c106-9bdc-44fc-8a49-c2f2c7c7b31f,Scott,Staten,Ford,Poland,2016-10-21,723
ae7b8413-e9db-4c70-a95b-4e1b64148dde,Rene,Simionato,Buick,Belize,2021-04-20,631
b081b7ee-c771-46f8-8b01-9820cb844ff3,Elbert,Amdohr,Honda,Indonesia,2015-09-22,716
b2f48d8d-7561-4f50-8de8-4ef48fa07485,Maxim,Dingsdale,Pontiac,Canada,2018-08-13,698
51a699d5-0e82-433b-bb3a-822f42257184,Aluino,Tallboy,Pontiac,Indonesia,2017-12-28,545
4c56538e-a302-42aa-ab80-732cfa88fd52,Gardiner,Sinkins,Ford,Greece,2020-02-26,968
0be00a3d-b53b-4046-926e-6bca8bba6c5e,Lynnell,Sedger,Toyota,China,2016-07-24,542
67e5431b-0a11-4295-b758-e9558a8b3e56,Garik,Beden,Mercury,Poland,2016-06-13,953
fecb478d-9a9e-4163-90f6-f54fe7127704,Euell,Cawson,GMC,Vietnam,2017-10-21,190
0f50fc84-c3e4-4f47-b2f1-9c02fe9a3227,Roanna,Lindroos,Mercedes-Benz,Brazil,2017-07-15,572
a41b836e-68dd-4516-bac5-a03f2927ea31,Phil,Manvelle,Ford,Macedonia,2018-02-03,236
fe0ea730-5220-42f8-9556-c50cbce9d5fe,Robbyn,De Ambrosi,Ford,Sweden,2020-02-09,316
9a1bdeea-1bbd-4f36-9c17-6b307af65d49,Ozzy,Lilbourne,Volvo,Vietnam,2015-09-06,906
7e677c8f-9173-47ff-9545-e6474f6ef1c6,Leandra,Laurentin,GMC,Serbia,2016-01-31,869
c6fcc400-74fa-4b89-9ac2-50bf5302c507,Mathias,Adriaens,Volkswagen,Kazakhstan,2017-08-29,296
eeba0b8e-af09-44e7-bc1e-13c27c8120b3,Fredra,Bartalucci,Infiniti,Poland,2019-02-12,966
e4bfb703-ee1e-4086-8751-e19d5bd62324,Tome,Freckleton,Subaru,China,2017-11-15,371
7268ec61-20b2-4ce3-99e2-3e21e5359e4c,Desi,Inch,Infiniti,Poland,2017-07-16,473
4089199a-37e3-4d4e-9bfc-bba575b5744c,Goldia,Goutcher,Ford,France,2018-05-08,95
53bb63d7-4730-44ed-8bb1-7c9e0330648f,Amalle,Noble,Chevrolet,Czech Republic,2021-03-15,416
af752a8d-6dce-4780-92ab-0bb227696a8a,Milly,Godlip,BMW,Brazil,2019-07-09,431
f73fe735-ccbd-4238-837c-33a48809e30a,Dorey,McQuorkel,Scion,Japan,2015-07-25,920
f8dd24ea-2876-40e3-a562-95605fed2719,Dwayne,Gradly,Chevrolet,China,2019-01-17,217
a1237bde-5647-4568-82b1-cd7ad0458776,Giusto,Lars,Chevrolet,Russia,2016-05-15,896
de8c59c4-3e49-4bbe-a014-8bea061e34dc,Jedidiah,Brewster,BMW,Greece,2018-03-25,51
0e129a87-7dd4-4c66-8070-42f57cf974bb,Madalena,Balffye,BMW,Russia,2019-10-24,582
03e25de3-0248-4fe7-8748-55f55b2aef00,Jeffrey,Dilrew,Ford,China,2021-08-05,380
eb7b364d-1568-47ff-a58a-9b567598f46e,Hector,Trevethan,Acura,China,2020-03-02,702
e6e878c6-04c4-43be-af1e-52c261ed1d73,Lucina,Skalls,Nissan,Greece,2018-03-05,656
0f4fe6f3-2aa0-497f-978e-f997e9def119,Perice,Veltmann,Dodge,China,2015-08-30,711
8a5f03f0-a130-4af0-8a14-e8742b8dbbba,Wilek,Billett,Mitsubishi,Indonesia,2021-07-25,162
b6dff100-4bbe-4c20-968b-c08b8867849d,Dominik,Tollady,Lexus,China,2021-02-06,133
f3061c5b-4690-4088-a999-f0b80226aa35,Giavani,Tunnah,Subaru,New Zealand,2020-09-08,123
4385b09b-2a2e-4271-97b3-6103ea5b9b25,Gloriana,Fortnum,Pontiac,Portugal,2021-05-06,850
0603b91c-f98d-4383-bde8-303e5c448c81,Virgilio,Goodere,Ford,Japan,2018-12-22,292
da69d312-654d-4b3f-b15f-fd1f7ac0a9e4,Ruggiero,Artis,Lincoln,Egypt,2016-01-29,577
d9a4a4d2-ebb1-4e44-8c08-d2cf61ee88b4,Tressa,Galero,Buick,Czech Republic,2017-09-19,177
9c8ad3a6-0d42-4822-8a96-5fc3b49b4e36,Alessandro,Bryant,Buick,"Bonaire, Saint Eustatius and Saba ",2019-06-27,613
b3812666-e8e5-41b0-bf27-9a4773774290,Anna-maria,Irwin,Dodge,Zambia,2020-09-28,88
b81564ea-445b-4091-bb16-18a8068ac8db,Marvin,Ayce,Suzuki,Indonesia,2018-07-05,349
a3659969-c128-4d7b-9394-dd7a6eb01a82,Christel,Switsur,Suzuki,Sweden,2017-07-04,999
4b14c935-c7a9-4db5-b86f-c9b0443e2a03,Ava,Beasleigh,Volkswagen,Nicaragua,2015-08-14,814
bb7bdb50-642c-4009-ab49-21253e6e63ad,Titus,Godwyn,Jaguar,Indonesia,2020-01-23,599
5d86469e-340d-45e7-aef8-80f6cbecbd01,Sheryl,Cummins,Chevrolet,Cameroon,2019-07-19,702
f86dedc6-b423-41c1-9c48-15b89dd184db,Margalo,Gerding,Volvo,Russia,2020-07-29,457
ab7da79e-f69a-493d-95c3-8b3d2eb1f0ca,Bellina,Ivanchin,Suzuki,Philippines,2021-02-09,859
7eb10b1c-ce70-49c7-89dd-04e93e87c2be,Gothart,Saltsberger,Acura,Russia,2018-07-22,15
4994d1b9-0dcc-47ab-905f-5a10db85cec9,Esma,Fitton,BMW,Curacao,2019-08-20,788
032a1b75-be6e-47ff-974c-be6b9ab874ae,Theodor,Bence,Audi,China,2015-04-02,880
71a844c2-aa65-4bdc-b8f7-97e4df6a2618,Faythe,Verne,Volkswagen,Portugal,2015-10-12,590
0c5c52a8-224a-4702-ab85-b743e4ebc87e,Farleigh,Valentinetti,Volkswagen,China,2017-02-15,59
a7c2522c-0d7e-4805-84cd-4077bee656b9,Aristotle,Pearcehouse,Dodge,China,2018-04-07,446
e56f771f-e646-49ae-ba82-d2f9178ecc0f,Andrea,Beevors,Volvo,Indonesia,2015-12-02,31
5baa83bd-974d-4e4f-a6a4-aba71754361a,Rona,Bouchard,Mercury,Peru,2021-04-06,97
42fdd15d-b4eb-4848-b46b-e407f3dec03c,Hester,Burril,Ford,China,2015-03-04,450
5c5e3fb4-668c-48f5-adb2-b0f3b86fa1a8,Billie,MacFadzan,Mitsubishi,Finland,2020-09-19,376
c11042f4-95dc-4d82-9682-f9008b6bebfc,Dalis,Merrell,Chevrolet,China,2020-09-21,222
9b94f135-8ff4-4cd9-ba92-7634fd4503e4,Hally,Mitchel,Chrysler,Brazil,2019-10-13,848
42c38cd5-89b4-4a07-bf33-26e39657b6b7,Caz,Roxburch,Mitsubishi,China,2018-06-07,358
83214e5a-f5e0-426e-87ef-a7a9c8260b9d,Trace,Gaskarth,Isuzu,Myanmar,2017-04-19,781
20646429-b3e7-426b-8b78-36b280da90d1,Bink,Camelli,Scion,Poland,2016-04-26,742
9de689b3-deae-4998-9298-9ba0f5f99320,Alvera,Crummy,Acura,Cyprus,2015-12-21,702
baea853d-2e30-480b-bf9c-bc5a7a4e5135,Gerhard,Blues,Aston Martin,Canada,2021-02-01,131
0c834260-75e8-472e-9778-6ad755bc48f9,Cecil,Saye,Mercury,Sri Lanka,2018-10-21,450
00ca1113-e26a-4f61-ba48-f0229367b057,Borg,Cutchie,Aston Martin,Sweden,2019-04-09,339
b2bea350-945e-4ce2-b434-6c8a4e44a907,Tish,Veelers,Mitsubishi,Indonesia,2015-03-06,824
6e5455e2-a03d-43a6-8fa6-4969681f831c,Rollin,Brickstock,Eagle,United States,2016-02-09,743
f53facfe-8edc-445a-968b-e5aac87155ee,Shellie,Gaine of England,Lincoln,Colombia,2016-11-11,611
e712f0b8-3956-41a0-856a-61d7db31c544,Denni,Barth,Mitsubishi,China,2016-05-29,380
376c49f8-6683-4bc5-b6ad-676c21d413f0,Zonda,Chansonnau,Kia,Costa Rica,2018-12-26,690
338a12a8-05bf-4a42-8a5a-6e4a94ab7bfe,Chester,Starte,Volkswagen,Finland,2016-01-24,218
447d9065-3075-4fde-a426-e570791cb1e7,Garreth,Tocknell,Bentley,Thailand,2017-09-21,448
46676c69-e921-413a-8dce-cace8470c82c,Kirk,Chippindall,BMW,Japan,2018-04-25,341
394463e8-a9d8-495d-80e7-cce06b13ada6,Ruthie,Pilsworth,Volkswagen,Cameroon,2018-01-16,846
f7fdc89c-ffa1-42d8-845f-ecf222e33c22,Ellis,Le Conte,Ford,China,2020-05-20,502
ee2e194b-a588-41a9-b256-5f8fc02275a9,Darlene,Seacroft,Pontiac,Indonesia,2018-01-06,888
70a8bf67-7afd-4d58-84ec-f2c87244c5e0,Izak,Philippou,Ford,Peru,2017-05-04,407
80efe290-8dec-4c85-a5ec-4fa567ba56a0,Lydia,Sims,Chevrolet,Peru,2015-05-19,681
55183e2f-cac2-4ba0-9ee8-42dca6ed7c7b,Reinald,Stops,Mercury,Uruguay,2020-12-18,454
a028cfef-0b1b-445c-a5ae-80f14b7629b5,Perkin,Desporte,Jeep,China,2020-06-01,387
01e3d987-f9f5-4d08-a8a6-b741155d50d0,Norah,Segoe,Lincoln,Peru,2019-10-20,503
ba5fccc7-824e-4a93-b621-9e105e298db9,Thaxter,Tivnan,Nissan,Philippines,2016-10-21,89
f296a6a8-153b-4e5d-a3cc-f88c40302b3e,Zak,Andrzejewski,Bentley,China,2019-11-17,756
f30f101b-5624-4c54-a1ab-583f85f8a91f,Florie,Jenkyn,Jaguar,China,2019-08-31,368
955aaada-4bd4-4574-b94d-21cf3f4b326a,Ker,Bromehed,Chevrolet,Lithuania,2015-02-25,388
2ef45a8e-0d28-41e6-8525-f7d24478d825,Eldredge,Offill,Acura,Bosnia and Herzegovina,2019-10-26,150
0f4dd5e2-3814-4ec3-a202-de5f57753694,Martynne,MacCawley,Volkswagen,Finland,2017-11-26,986
95ad94c4-1123-4013-beb3-5ce82f04d5d6,Creigh,Goreisr,Scion,France,2018-05-02,307
dccc3bd4-649a-4352-92be-7f5e8a830490,Audre,Dayce,Honda,Russia,2020-03-22,826
230f31ee-2535-49dc-a656-382eb3f72998,Caitrin,Vasnev,Lincoln,Indonesia,2021-05-15,671
66b55a31-5efd-41d3-9c33-084ae105b319,Boyce,Adamik,BMW,Philippines,2021-04-24,94
bf9e525b-c866-4fad-acaf-8e3dbbbb8b4f,Wandis,Spickett,Oldsmobile,China,2015-09-06,92
1d41c0a2-ce3b-4191-94da-61cf9506e116,Joellen,Scrivin,Hyundai,Equatorial Guinea,2016-04-14,231
fea1cc74-f381-451d-914b-9426a6f64aa2,Nissy,Cobb,Land Rover,Poland,2017-01-06,1
b57ec1b7-3e55-4502-8d2a-e2698f6e22d9,Nell,Mount,Dodge,Finland,2020-11-15,337
b31afa3d-a930-437a-9d31-29bcbd1d2995,Benoit,Pietrusiak,Land Rover,Russia,2020-09-03,502
776eac45-ecd3-47d5-a20a-f6f5e1b77da3,Lionel,Leap,BMW,China,2017-04-03,140
9dadbb3a-b096-4540-b093-481ea2687643,Barb,Greenhaugh,Porsche,Bangladesh,2020-07-26,535
0db37b94-d2eb-4a70-a695-7ab7c3fd053b,Amara,Rutter,Scion,Mexico,2017-03-21,672
2b827403-0d7f-42d3-bb96-24bc584ff1e6,Leonard,Jozefczak,Subaru,Russia,2017-02-26,530
5d2b73db-f19a-4f35-9ee8-14a9459e65eb,Kathi,Dresser,Toyota,Indonesia,2019-04-30,686
8baa9fed-2d20-453c-8a73-db0daf0a535b,Correna,Hemms,Dodge,China,2015-04-27,220
eb119d95-926d-492f-8776-62f04de6f58d,Locke,Trenam,Isuzu,Panama,2016-03-20,18
4d2e00db-7cd5-4bec-a2f8-61b935c7b22d,Julia,Kean,Chevrolet,Indonesia,2015-09-15,278
9b1c5fd4-9cb4-469b-867f-5fc7593e0959,Ashil,Troy,Nissan,Philippines,2015-10-04,754
dda024a8-b65f-4f95-9b9d-2d7760d5e116,Chrystel,Itzkovich,Infiniti,China,2020-07-18,874
4f26f972-cfb1-4cc9-8b95-ce7ab87e771e,Mackenzie,Tunny,Dodge,Ivory Coast,2019-01-29,811
b211f7cd-3880-41e7-a54a-558ac306a478,Justine,Esmonde,Toyota,Indonesia,2020-12-27,420
3c7bbe9d-c77e-4aa4-b78d-dc0f19e5451d,Wilhelmine,Derham,Ford,Brazil,2020-10-14,343
7f0ba430-b95f-48d3-b5cc-ce544d14e58f,Daile,Rea,Toyota,Philippines,2020-02-19,662
c7a3c60c-02f5-4a0f-a0a6-f88f4d358c74,Amy,Ferebee,Mitsubishi,China,2019-11-30,792
0a6f1ac4-bc4f-4e5e-af8a-0f9fdbd40273,Melli,Powder,Saab,South Africa,2019-06-18,448
e4180919-0b7f-4c78-86ee-2471f4162124,Kris,Ronaghan,Dodge,China,2019-04-04,677
6bd36e85-0a51-490f-a3f4-75c0cf7528af,Katinka,Danielian,Land Rover,United States,2019-05-13,753
e7610a23-45b5-4e8c-ac40-cfbc93e19e80,Erl,Pleat,Ford,China,2020-06-30,465
f7ecdebc-5140-4468-b0e6-54753d87a690,Sylas,Domini,GMC,Kyrgyzstan,2015-04-19,577
68f41e0a-449a-465c-a25a-fac4283a64f5,Keelby,Spottswood,Audi,China,2021-01-03,766
5b8063a3-4aba-471b-800f-3a2b4746c6ae,Fonzie,Muino,Chevrolet,Russia,2016-02-29,463
674465e5-5ae9-43ae-94db-68eeb35d88da,Lucius,Rubert,Subaru,Slovenia,2015-06-16,685
fec236e6-5f66-457c-918b-afeaaa6d3b2e,Neal,Donson,Chrysler,Russia,2017-03-29,916
8593075d-a743-4703-aa59-0599d2a78f1f,Giorgia,Cardall,Buick,Czech Republic,2017-06-07,486
221b916a-2fd8-48d5-99aa-36bbe0b1e2af,Paulie,Cargenven,Toyota,Pakistan,2016-01-03,652
c120f3fd-88f3-451a-8c8b-239f44919d45,Verene,Grishankov,Ford,Ukraine,2017-02-16,457
4094f445-5200-4f1d-a33d-0075240e587c,Derk,Tench,Volkswagen,Brazil,2019-11-13,274
954f9d3a-759f-45b6-825a-ba5a21d1afef,Lazar,Llewellen,Oldsmobile,France,2019-06-07,94
62f2b903-52b2-4bb3-9343-aadc5eaec3de,Cherey,Saggs,Volkswagen,Czech Republic,2016-02-07,315
35746ed7-a0a0-42a8-bb2c-45bc275d0b11,Maxy,Hendrickx,Volkswagen,Democratic Republic of the Congo,2019-10-27,413
12507cb9-4079-41bf-951d-7fd09d3a7143,Guido,Rymell,Volvo,Albania,2017-09-05,148
e56c66f0-70ef-4426-b638-14db8f23f5d0,Gil,Perelli,Chevrolet,China,2020-01-05,834
a40dbeb1-33c2-47a3-ac05-5eba3ad70c6a,Kelsy,Stokoe,Nissan,France,2016-05-24,728
b6e61277-b7f8-4b5a-843a-7cc2eef50ba8,Findlay,Pawels,Volvo,South Africa,2017-06-04,826
e580ac02-caa2-4d67-8025-ef880e841e11,Bernardina,Tanser,Chevrolet,France,2015-03-23,38
dc837247-1e7e-42d9-8138-f1ed9bb47ef7,Edith,Antognozzii,Mitsubishi,China,2018-03-09,855
b863ded4-c3da-4139-a96c-ede4677e65e8,La verne,Keohane,MINI,Indonesia,2020-04-07,522
b1a0e02c-d402-4e80-8eab-bdbd91b95ff6,Dilly,Lapish,Subaru,Indonesia,2017-06-30,145
6e8729d8-a343-42a0-9f34-98dd63cc9c27,Earvin,Vize,Chevrolet,China,2021-03-14,489
67f9be46-a240-4f9f-b6d9-217ca5905cf3,Elden,Mathiot,Lincoln,Poland,2018-09-21,859
ef056d75-b73b-4102-ad5f-f3e8aa9eddcd,Darius,Handsheart,Dodge,Sweden,2016-09-20,115
24ea6bdd-562f-4690-8886-6759ddc8af9d,Nady,Eadington,Austin,Zambia,2021-08-23,892
827f7441-37a9-420d-b259-f8fd6ca73f17,Ginevra,Brockwell,Dodge,Colombia,2015-11-08,344
4b7fdec6-0766-478b-95ee-81c8bafb7c8a,Constantine,Woodrough,Dodge,Syria,2020-12-31,762
67ca26bb-9400-4e3c-936f-d90d240422fa,Marilee,Troop,Audi,Serbia,2016-02-25,345
521ce89f-957f-4e1b-9e64-0292d52a5bfa,Fanechka,Jandac,Infiniti,Peru,2017-07-06,620
42ba1902-40a2-4318-854a-430573700b19,Crysta,Konzelmann,Honda,Bulgaria,2021-03-14,473
5af56dc2-344b-495f-acd9-35d67d3b5c00,Renaldo,Clubb,Chevrolet,China,2018-01-29,256
7e8776d7-20f5-4832-a971-4ce62b5df30b,Trixi,Prewer,Kia,Indonesia,2017-05-21,637
2b89eb30-2893-4d5a-ba9d-2d2c1c77981b,Jocelyn,Breitler,Ford,Indonesia,2015-08-13,496
4a45c305-0dd9-4340-b773-f967c74e1fff,Mala,Sigge,Jaguar,Indonesia,2018-10-03,518
b651bfc6-5ef3-4f0e-9e0d-07ea1e84a285,Glenine,Garard,Porsche,Japan,2016-01-29,668
7b99b4ff-34e4-457b-bde1-a927e40bfbe2,Annabelle,Konerding,Ford,Papua New Guinea,2021-02-01,53
2015e1e5-fed1-41e8-8f04-1e57196f57c8,Misty,Scrimshire,Maybach,France,2018-03-23,587
f7f22052-1cb8-4115-a0bc-3a18c90393f8,Mickie,Trimble,Mercedes-Benz,Australia,2019-03-03,238
148f8bbd-0399-485f-a474-a9959a2740b8,Micah,Breydin,Spyker,Indonesia,2020-03-21,40
cc62abd7-1b48-4211-bb5f-7d5b68a8fb96,Roberto,Casin,Chevrolet,Philippines,2018-05-13,120
2c571f21-f86b-4eca-92f7-2c28531f9dac,Sharity,Brito,Toyota,Russia,2016-08-12,365
fef5e77e-b43a-4468-ba00-ff849af77537,Vanny,Mapp,Infiniti,France,2019-08-31,300
b72c2be8-1232-4727-8ca8-4eb7403117db,Glori,Churchward,Ford,Yemen,2019-08-11,985
b5d0b36f-89a2-48a7-aa7e-b706d612bbb4,Isaak,Beatson,Buick,China,2018-10-24,934
ef99800d-1d0a-484f-8d77-8a894f82fbbe,Julissa,Bowshire,Buick,Brazil,2021-04-30,83
ed243494-297d-4e6e-a2a1-7e86fea9da7b,Gates,Gogie,Pontiac,Indonesia,2015-02-11,417
b4a3a44d-a331-45c6-a0f8-1c8390c1e7bf,Renelle,Tayspell,Honda,Norway,2016-12-28,462
548615d0-9918-406d-a363-2f435316adef,Shawnee,Doctor,Lincoln,Russia,2017-10-05,980
b46dc920-da00-4e94-a5f2-20c58cd26da0,Cheryl,O' Dooley,Oldsmobile,Tanzania,2018-05-15,895
c9bc6c9d-49c8-4852-9d18-11a993fcb646,Irving,Runciman,Land Rover,China,2020-04-18,516
cabb19c5-96e0-4f5c-afd6-86ea789d2fbd,Jenn,Petranek,Buick,Argentina,2019-09-01,130
590d2f3d-13f5-4c72-82e3-d6982fc60e68,Felicdad,Love,Mazda,Jordan,2016-12-23,342
972f216a-f7fd-4478-b6af-1760996e3e3b,Clim,Knagges,Infiniti,Brazil,2021-04-19,108
8818e713-e9c1-4903-8a06-d56f5dabab57,Brooke,Beiderbeck,Chevrolet,Argentina,2015-03-08,51
912b5d13-2434-49a1-be58-c8d5dbd152da,Arden,Beneix,Subaru,Indonesia,2019-09-29,999
bebf15d7-07bd-4388-96b1-733881ef4639,Arturo,Buntain,Audi,Greece,2015-11-02,712
f97276cb-56ef-4e07-80d0-cb18a311c2d5,Carilyn,Lubomirski,Suzuki,Colombia,2018-12-27,906
3b354008-06b8-4146-bdb4-1b37e1fa33bc,Quincey,Fuchs,Ford,China,2017-10-16,520
a14553e8-d353-4da0-b05f-3baab48f2220,Fidole,Winridge,Dodge,Botswana,2018-11-25,18
a3f1fa99-27d4-4115-bafd-8913707648c9,Adlai,Tax,Mitsubishi,Iraq,2020-06-26,300
d598ba09-1a72-4ada-9376-23e8d191ae17,Dicky,Feldberg,Suzuki,Canada,2016-08-04,421
2544a4c2-c485-4642-8494-456a2eb29ecd,Ezra,Abyss,GMC,Japan,2017-12-10,768
a5d86732-aeb2-4818-8c1c-e158362cccc0,Kara-lynn,De Biasi,Ford,Portugal,2021-07-06,856
bdea1c27-26c4-4c7a-adf9-bc46e6ca9580,Bartholomeus,Leist,Chevrolet,Gambia,2016-07-20,452
556504f9-0cbc-4c00-934d-1fc88dbb4dae,Barbabas,Kreutzer,Honda,Greece,2021-05-12,491
4059b0f8-825f-4834-bfa6-66500955c938,Lovell,Brasier,Lamborghini,Brazil,2018-02-06,465
9df215a4-713d-4d12-99f6-21d951dbab38,Jody,Dixie,Volvo,Philippines,2020-01-07,121
80758d23-d438-4545-a210-fa3ded6c984e,Mallory,Dady,Mercury,Philippines,2018-12-04,507
a3d452f2-c6e1-4940-8455-5824c81c78e8,Hanan,De Caville,Chevrolet,Russia,2015-12-18,246
c70daff2-9e27-4c85-a753-15a1f30476ad,Melvin,Whiles,Chevrolet,Russia,2019-01-07,954
34c4960e-2fa5-4769-a50c-20da2cf12baf,Guilbert,Sparrow,Chevrolet,China,2018-10-08,216
017cee2b-bf1d-4da5-a79f-6748a1b2e167,Bradford,Whye,Subaru,Ireland,2016-05-08,370
b18aee3e-e5bd-4b42-93e6-1082f45c22fe,Jacob,Esom,Subaru,Afghanistan,2015-05-02,824
0c5f2866-a424-4093-bf60-306ff3c0651f,Taddeusz,Tootin,Acura,Ukraine,2021-01-12,571
582e4ec3-d14d-4702-919b-9207928dc89e,Harrietta,Seacroft,Porsche,Sweden,2017-02-16,616
dba2e58e-b715-4834-9800-72f4a0fda69b,Lotte,Winn,Mercedes-Benz,Yemen,2015-02-25,263
b83e16ec-34a7-4fae-97cd-8b17d7237fac,Arnie,Perfili,Mazda,United States,2021-07-23,733
964f4a9c-12b2-4f3d-b73d-d782414a1e01,Meggi,Tabert,Chrysler,Czech Republic,2020-07-24,383
581bbc9d-e7ef-4642-ad61-5d0126bd18b5,Alexis,McLagain,Lexus,Indonesia,2021-01-29,909
ad0ae64d-dbae-46f1-ba63-b3dff24ea301,Saw,Errey,Dodge,Poland,2020-05-04,548
8f053a58-3e88-4b39-87a0-f0b45c4404ce,Jeremiah,Gedney,GMC,Tajikistan,2016-09-12,18
5d1c6836-0f29-4ad3-9381-aea20b81f5cd,Ivar,Polin,Toyota,Honduras,2019-11-07,973
92fcb682-8cad-4f5c-8e8d-1ecf960d1226,Eugine,Bamborough,Dodge,China,2015-08-08,442
6c55e35a-d183-4fbf-ba0c-32624a2be485,Ann-marie,Redferne,Buick,Thailand,2019-08-17,658
794a75eb-068a-4d2a-8c8e-506a12bba6fa,Greta,Taylder,Kia,Brazil,2019-10-23,962
0fdd3fb2-71c0-45bd-9fe9-f5cb1f92c553,Daven,Muckeen,Kia,China,2015-04-24,819
02a8348c-c906-4805-b2a6-6b5ef02780dd,Willetta,Pedron,Oldsmobile,Czech Republic,2017-02-28,233
f4f895f7-2838-43c2-b8ff-35e6b836f194,Emmett,Machel,BMW,Kyrgyzstan,2020-09-10,270
d1b6410a-60dc-4f6f-ba20-575819b72fb4,Felisha,Daulton,Pontiac,Russia,2017-05-29,682
126d3a5b-faa0-4ec8-9ec5-43d4255b37fb,Issy,Layton,Toyota,Argentina,2017-01-23,134
2e859778-ba7d-4d86-bedf-eb391eb332d9,Helsa,Billanie,Acura,Greece,2018-03-05,971
e559daa5-cac0-43bc-9508-bb0ad6a96486,Sidonnie,Hitzke,BMW,Poland,2019-09-15,449
ad0c73ba-791b-4751-99e9-7f77f90ad995,Maryl,Baylie,Mitsubishi,Brazil,2021-01-05,279
7f9adf44-111e-4113-a9a7-d0cb195d911c,Rasla,Leathley,Toyota,Indonesia,2017-08-21,608
e4878905-2237-4d3e-a624-f131b5d447d2,Eustacia,Sulman,Volkswagen,Indonesia,2018-07-19,181
9c0163d6-4e7a-4298-92b9-216abcf697a2,Hazel,Waren,Mercury,Croatia,2020-12-08,655
c9f2a4a9-9523-4835-89cd-1d786b05afc7,Ambrosio,Corneil,Lexus,China,2015-09-25,220
1edcb7ee-ff9e-4ee5-86ad-795cb7e2f5fc,Olag,Seywood,GMC,Peru,2017-08-31,883
f675e5b3-1314-43b8-8461-2a7ae59c9ddd,Melina,Palumbo,BMW,Indonesia,2018-05-19,543
3bbfbc56-087c-4d1e-87d6-e7f1a98a2484,Rosina,Khotler,Dodge,Brazil,2015-02-22,397
b9535bbd-7659-4913-a0a7-78b93ab9397a,Meara,Yeskin,Mitsubishi,Uzbekistan,2017-01-29,563
bd6ec01a-f7ef-42fe-aebc-1f63d4c194d1,Fayre,Egiloff,Toyota,Ukraine,2020-12-25,689
07fb8113-50d9-4933-818a-f9474ee7578d,Yvonne,Cunde,Isuzu,Poland,2015-05-26,987
8d63b6ce-5540-48d2-9ca2-b0d262127053,Finley,Maleham,Mazda,Indonesia,2016-01-04,969
e2675623-fe30-4e50-922f-19fcc4a70190,Barbra,Tabner,Dodge,Philippines,2019-05-23,800
e814b60f-8c8c-4f72-a5a9-b5392608431c,Rae,Warner,GMC,Cuba,2015-05-21,323
91713c99-2c45-41d6-a340-6dfff5557e97,Babita,Andrini,Volvo,Philippines,2021-01-18,155
959ff625-92a3-401c-888e-0c3d09998b50,Orton,Haps,Mazda,Brazil,2020-07-09,435
ed4d2378-a1fa-4de1-92d2-8e3ea38e0c36,Flossy,Delaprelle,Mazda,China,2016-09-07,935
4a16e04a-5103-4d72-95d0-2365108a416d,Klara,Worsell,Maserati,Chile,2017-09-18,541
65f4eb44-b102-492f-b2f0-c12cf64ec0ef,Feliza,Roswarn,Mitsubishi,Sweden,2020-04-02,849
47dc6852-6bf1-4713-b936-5fe7455efd7e,Consalve,Daniely,Dodge,Palestinian Territory,2020-02-05,92
050ea50f-c78a-4b82-b396-77a4b2df248c,Biron,Moyler,GMC,Peru,2019-07-12,261
c263b052-ec42-445a-baf5-dfd8ec29b6c0,Maribel,MacGregor,Lamborghini,El Salvador,2020-01-14,27
74d3309e-6e37-4a73-a20e-7c696fa2c7bd,Austina,McKerrow,Chevrolet,United States,2019-03-08,445
2b01d470-dbf8-4a97-bba8-5e3ccac65e19,Wolfy,Askey,Acura,Brazil,2020-11-10,218
7e3ba4b2-b624-4064-aebe-da7f8e9695b6,Junina,MacConnechie,Toyota,Indonesia,2016-12-01,296
3b7efcde-68b3-426b-952f-f94f7cfb9011,Cristina,Glavis,BMW,Vietnam,2021-03-01,262
3e693ba4-3658-426d-8dae-bb4664ff6c90,Alfy,Grigsby,Suzuki,Russia,2019-11-26,964
4a8a1c0f-17f5-40e7-ba33-9b0bfbc99941,Harlie,Malan,Audi,Indonesia,2020-01-31,298
e05c9abb-70bd-413f-8a05-b58faaacff31,Igor,Ferne,GMC,China,2020-05-14,644
079d0ae2-bce3-4ac5-a2fe-a21b6dc28aae,Hersch,Noir,Ford,China,2015-05-17,995
a35c1e1f-4080-4a8f-aa61-b1c2fdd2de83,Ade,McTague,Nissan,Japan,2020-02-12,165
b7701923-1ec7-402c-b0cc-efddae061eac,Gianna,Hattoe,Mercedes-Benz,Syria,2017-01-13,866
d1159454-796c-4b12-a316-8289c53684a0,Shayne,Bastian,Ford,Russia,2017-11-15,616
105852de-d609-41f0-a243-83216dad3cad,Tam,Scrowston,Ford,Sweden,2021-06-05,797
631dd521-c8e9-4756-b8a5-f2db0bebc272,Quincy,Taylot,Suzuki,China,2016-10-30,910
7a0e56a1-5243-4769-bbbe-f25fbc1ce77d,Keith,Kegg,Oldsmobile,Russia,2015-06-26,249
759273cb-fb11-4c81-8296-b6bd31060f63,Briana,Van der Kruijs,Hyundai,Russia,2020-10-12,175
413199f5-4554-4c03-8fd1-8dd43941bcae,Reginald,Ackerman,Ford,Portugal,2017-02-24,488
2fbce7d3-118d-4dea-b905-52861d995e93,Cindra,Dyne,Nissan,Indonesia,2020-11-16,171
8804fa95-e6b7-4031-b8c8-c7ae9e9f635e,Mercy,Cowthard,Chevrolet,United Kingdom,2018-11-23,271
e32a58a4-6bb3-4467-afd3-2c8f35363137,Eustacia,Casiroli,GMC,United Kingdom,2021-07-19,598
bef9aa30-2c53-4be8-baf5-8e0291f370d7,Jenine,Bettenson,Acura,Bulgaria,2018-02-27,748
105e3cad-be1a-4ed8-879a-7fcb449b518f,Onfre,Evert,BMW,China,2020-01-06,267
67609c2c-c16e-4d2b-977d-0601994f55ca,Leticia,Lovel,Chevrolet,China,2020-02-25,207
10dec295-356d-4883-9e1a-788f37b2368e,Raymond,Bedo,BMW,Tanzania,2021-08-20,392
2151ffa9-4feb-4427-8b11-49859bba2f28,Gregg,Chatelet,Ford,Indonesia,2020-03-30,135
3db5bd97-adf2-4709-bff1-eea46ed27da7,Thatch,Hartington,Chevrolet,Indonesia,2017-09-20,22
003a99ec-7a91-4437-a5f2-b5d3e1df0591,Wash,Crawford,Volvo,Brazil,2017-11-18,90
022202cb-644d-4520-af13-569e7ee6ac78,Roanna,Brodway,Lotus,Afghanistan,2017-12-03,785
fb062427-26f1-41a5-8c78-cd81d414e507,Douglas,Stichel,Porsche,China,2021-05-19,925
516f90ee-b7fd-414e-be6f-c28865b24a67,Gram,Beall,BMW,Poland,2017-12-27,759
d924079a-e293-4249-aa81-fa4e5e0169ed,Tish,Mussilli,Subaru,Afghanistan,2016-01-14,902
61e8cb24-52b3-4d97-b83d-74a5782ad673,Una,Ternent,Cadillac,China,2015-07-15,759
5180295a-e4c7-4f3f-9b0d-3ecdd5f2e1c8,Joya,Padfield,Isuzu,Poland,2020-10-14,268
9bc0b28c-685d-4a6a-86f7-974bb6cc3267,Donella,Battany,Suzuki,Czech Republic,2020-03-20,409
08dc1e93-f842-476b-a395-59c9f9fbbf9f,Cindy,Palffrey,Dodge,Indonesia,2015-08-21,886
2e733420-07af-4aae-ad9d-b377588737ae,Karry,Pottinger,Dodge,Morocco,2018-07-20,885
026b1c43-4022-4801-b444-bf929d2cb881,Bridie,Corkel,Cadillac,Philippines,2019-09-21,342
a8d1a72c-9287-4cef-9db5-6e32dd689f94,Stephine,Goudman,Nissan,Indonesia,2021-06-17,28
41c4d32b-ee48-4958-a719-b526a4947590,Aldrich,Stirrup,BMW,Macedonia,2016-12-27,229
1be0001b-74a8-4519-b0ca-5117af38204a,Zaccaria,Burn,Honda,Brazil,2017-01-17,923
d63c55c5-9f60-41a7-894f-7d076e5b2d1f,Bernette,Zink,Ford,Brazil,2020-07-06,883
40acff31-054b-4a3f-a77d-f4c8ae7f1bd7,Robbyn,Iglesias,Chevrolet,Japan,2017-06-10,68
95bff53f-e3cc-4e14-8a8f-2d91257a3177,Arlinda,Tweedle,BMW,China,2015-06-19,572
ef0f9d2a-8050-4bf0-904e-58e4f13be571,Ardath,Trunkfield,BMW,Peru,2021-06-12,910
370b6a5d-497d-4945-841f-45e4ab5240eb,Tuck,Guilliatt,Nissan,Hungary,2018-03-03,346
d2bebd5f-def3-41c8-b190-0ebc04b78715,Robby,Vassay,Infiniti,Mexico,2019-11-09,123
fd493381-4200-47d8-990a-87e6af15190d,Felicia,Trematick,Lexus,France,2016-12-23,403
469f0d91-ba8f-4aa3-b5b1-3a9f5c57344a,Bobbee,Malin,Toyota,Cameroon,2016-08-14,669
7b786bdc-103e-40af-b9cc-0a800b0e3971,Cazzie,Surgen,Toyota,Czech Republic,2020-10-29,736
5bf052e2-26c4-4b95-9ac3-aa53af856f0b,Benedetto,Ilieve,GMC,Indonesia,2018-02-11,555
ac9711a9-d5e3-44e7-880e-7aa9e60a6a3b,Fernande,Grimme,Hyundai,Bangladesh,2017-07-18,657
938e8d28-2218-4cc2-9412-e67a53ab424d,Teodoro,Duggon,Dodge,Burkina Faso,2019-07-27,629
10531de4-2108-49b8-87ba-c2d2c50ad055,Tine,Metham,Mitsubishi,France,2020-12-22,926
e53cab0e-a591-41a8-9415-92ee37177bcd,Kennith,Stennine,Ford,Philippines,2016-06-15,600
a92fface-a167-4338-a4b0-3e4c4d498358,Arny,Emanuel,Mitsubishi,Poland,2015-02-15,366
43f240b6-e1df-4849-bc68-50d2757282ae,Kitti,Lethieulier,Pontiac,Indonesia,2019-05-24,132
eae8ba43-d1c2-47e2-88a2-f1836af3df0b,Stewart,Hovell,Chevrolet,Afghanistan,2019-09-14,667
b942b2c6-1706-4ff1-bde0-e4cbc5b6ed57,Ignacio,Minards,Lexus,Sweden,2015-02-09,602
bb8eb724-513a-4666-89fc-9e82a253dab5,Archie,Pearse,Mazda,Canada,2015-02-17,466
79306177-ea0b-4d4b-9207-38987c6688eb,Bridget,Shepcutt,Audi,Portugal,2020-05-03,523
d7017638-e949-4640-89a2-59e9bb0dcbf2,Sharyl,McBlain,Mazda,Argentina,2016-12-28,812
7cd82890-e8e5-4224-beae-dca9969a6b4b,Sharlene,Darrach,Geo,Ukraine,2019-07-15,710
6ed446a0-8097-4eec-980e-b64ffad4eaa1,Emory,Dungate,Chrysler,Philippines,2021-07-22,220
07e71cf5-b109-4ddf-ace3-f22957b425bf,Blithe,Lutman,Dodge,France,2018-12-10,969
42926d82-b54f-4449-b305-b7619e4b4911,Candra,Rigate,Acura,Azerbaijan,2016-06-06,961
1e22e128-8f7a-451c-96f8-f91f3f3e22cd,Cristin,Caldron,Ford,Thailand,2015-09-02,324
fb96216f-1b8d-4699-ac02-18e89e3a469e,Winthrop,McSweeney,Toyota,Armenia,2018-08-09,158
5bbaeb9f-98a2-4648-a9d2-f977ce9c28ba,Axel,Hannan,Chevrolet,Cuba,2018-05-27,980
6e72f48d-d00a-47b2-ae03-010f1dc0e5ab,Antonina,Cianni,Ford,Czech Republic,2019-11-01,314
13d51171-0257-402f-8aac-7b58b32c89f1,Boris,Archdeacon,Lincoln,Indonesia,2019-10-09,756
707751dc-9841-40d8-87d5-6e4b3439a1ee,Charlene,Foldes,Toyota,Iran,2016-07-31,664
e45fc2c4-73e9-4763-8467-976baf552559,Lory,Friedlos,Toyota,China,2020-11-24,845
92779699-b26b-4083-bad0-2cc986b8712c,Saudra,Willshear,Chevrolet,China,2020-06-24,641
98232825-6dfb-4022-80b4-a335e70ec611,Reinold,Cribbott,Mercury,China,2019-08-19,970
f684348d-8e30-4e30-9102-ec602a3941ce,Burke,Stell,Kia,South Africa,2020-12-04,508
c5bea39b-ce14-4cf6-8d55-805a98c4fbd1,Yovonnda,Brooksby,Dodge,Netherlands,2017-01-11,871
aaf3b890-2909-4245-a464-de877bfc00f2,Matthias,Ghost,Saab,Russia,2015-10-21,800
be82c40a-2dd0-4ae7-acb6-b15fa2e7f042,Cara,Ryley,Suzuki,Vietnam,2019-12-18,927
add870f6-e918-49e7-b441-7a6d9cbaa523,Sharai,Gonneau,BMW,Japan,2020-01-11,54
b911e459-ddad-442b-8424-a03172440090,Shaylynn,Skurm,Kia,Indonesia,2015-12-12,209
1e9c699e-d91c-4b2c-a690-e772e6efbeed,Fancie,Drage,Nissan,Luxembourg,2015-03-30,250
4b033563-03db-4b0d-a5b2-45788f5a43cb,Jess,Yurmanovev,Ford,Indonesia,2016-03-29,76
82da7cf2-009e-488b-8bc0-dfb860ec24cf,Libbi,Belden,Toyota,Central African Republic,2015-02-17,990
db71bdc1-48b4-443c-9374-678944f31be0,Mikaela,O' Mahony,Chevrolet,Japan,2019-03-18,69
3ca818b2-606d-465e-b332-7238463d9420,Caitrin,Davidowsky,Ford,China,2019-08-14,370
754674d0-9bbd-44b5-a402-2ef00fb6c816,Adore,Spellicy,Panoz,France,2016-02-05,129
a931f7d0-1fbe-423f-beb1-dadec54c11d9,Sarita,Brevetor,Pontiac,Greece,2021-03-31,974
a139ab55-f195-4a9e-95be-312bbd33bd89,Ginelle,De Mico,Suzuki,Thailand,2019-11-15,537
6a80fc9a-692e-4a93-bbd9-e0bdbfad92e5,Win,Crownshaw,Maserati,China,2020-05-13,821
0ad9ae8d-863f-494b-9953-1be8d065a8c1,Joella,Nicholas,Pontiac,Vietnam,2016-01-12,828
c974b069-6a54-4dda-9231-d45db0c1fcf4,Solly,Wartonby,Honda,China,2017-12-02,75
cfcfd60c-e746-4be9-8a75-020e9066ef7c,Benyamin,Rushman,Mercury,China,2016-12-10,252
ec6255f9-e422-4531-8a03-f64e0b7a9aa4,Ian,Soigoux,Dodge,Portugal,2016-04-06,450
930ebab2-8bcb-48bb-a62c-e46f803d40f0,Dian,Catley,Buick,Botswana,2016-12-04,253
e886c455-6dc0-44ef-a183-62151cf98ae5,Irina,Hamer,Saturn,Finland,2016-06-20,946
9d00c88d-2d5d-4e0a-948f-359ee95b1259,Lynnett,Lumsden,Lamborghini,Macedonia,2019-03-28,846
e42d18d2-a7a8-4bdc-9d18-3e45cea45238,Dyann,Brook,Cadillac,Venezuela,2018-06-22,130
2b09eb7d-d7c5-4525-88b3-dba369890b9a,Joli,Prestige,Porsche,Yemen,2021-04-13,399
b9c9e573-55d8-4eac-a628-d2e543fa3408,Roanna,Hayball,Mitsubishi,Poland,2020-02-26,80
b4e7b173-918f-44cc-88e2-bc64d8982a8d,Alisha,Ronchetti,Subaru,Peru,2015-02-04,863
8df4f812-7581-42e8-bb19-8df879ce82be,Brena,Twigge,Mercedes-Benz,Mexico,2016-10-10,304
cdd3b8ec-d279-47e8-a115-e9c7ecc844dc,Rubin,Axup,Pontiac,France,2019-11-30,286
ef873b46-0ad3-458b-a63f-9daf99323f9d,Averell,Kauscher,Mercedes-Benz,China,2015-12-14,444
7881701c-d13d-4793-807e-cb002d1526f2,Chet,Klemensiewicz,Nissan,Portugal,2017-12-19,463
9e87701e-360f-4924-b1f1-e12e51294102,Carrie,Cavell,Chevrolet,Thailand,2018-04-28,482
8b10cee5-30d6-440f-9f7a-925bbe3e944e,Dmitri,Kornilov,Maybach,Honduras,2019-11-16,818
6012c968-acc8-4360-8c02-7b799491ec97,Ermentrude,Hissie,Chevrolet,Philippines,2019-08-21,21
e9c15fee-c973-40ad-9368-17333c12d3dd,Rory,Devonport,Hyundai,Argentina,2018-09-20,347
a82ff402-fa2e-46f3-bdea-ef6604a65feb,Kalila,Sheardown,Nissan,China,2018-09-11,143
ba6a678c-0d16-4586-89ae-ab72eea96520,Gabi,Fewings,Land Rover,Brazil,2021-06-11,376
3986f2e9-e7e7-4698-811c-5d8d30ad24f3,Margarita,Gerdes,BMW,Philippines,2017-07-26,96
50a753d3-fefa-406e-a953-11916e050f6c,Cortney,Greasley,Porsche,Sweden,2015-12-27,42
85e949be-b533-4286-8c86-229e4770699e,Diane,Le Ball,Mitsubishi,Russia,2021-07-29,188
d012d7d0-1af5-43e8-8f31-65767df7da76,Sofia,Croux,Mercedes-Benz,China,2017-10-30,327
bc7120ec-5339-4ce9-84d3-8804ccd143c7,Jennee,Blaxill,Hyundai,Czech Republic,2017-03-06,871
c077159d-ddca-4f35-9cd5-5f4b9c10930f,Rona,Fortye,Chrysler,Czech Republic,2015-10-23,807
1f7687ac-0718-4fb7-940c-68f84c8648a5,Selma,Chilvers,Mercury,Brazil,2019-05-07,554
57ce05cf-b3cf-40a6-a4a9-4dd256a8d9a0,Leonard,Shakeshaft,Chevrolet,Peru,2021-05-15,212
6a89aa8a-ac12-404a-a126-0e35dea5fde3,Sigfrid,Speake,Aston Martin,Canada,2020-08-27,870
f88e244c-8891-4f66-b977-10b219cd126a,Bellanca,Kull,Volkswagen,China,2017-10-02,785
3788cf33-45f9-421a-9532-dd99e357d478,Mavra,Gery,Infiniti,Indonesia,2016-03-06,246
6ccf421a-d912-4ff8-8df6-5a320d6578b3,Mitchael,Benedetti,Ford,Palestinian Territory,2018-07-02,26
3a32ca5e-8e57-4637-bd5e-6568a86e2b9a,Beryle,Brede,Mazda,China,2015-09-21,670
4cafe8dd-9cfd-4cab-9b79-6e2b35f17da1,Webster,Dufoure,Mercury,France,2019-08-25,560
199c41e1-53dc-4768-b724-4939ec908e87,Levey,Bernaldo,Acura,Indonesia,2020-05-03,348
1b9d3504-5103-48e2-ac0b-47b492758519,Taber,Jandac,Chevrolet,South Africa,2016-10-05,149
44b0c259-4505-4907-bb7d-239298625072,Maurita,Swannick,Audi,Colombia,2019-06-01,505
a993ca33-c355-48e1-842a-d86126e1f142,Pace,Tee,Kia,Philippines,2018-06-16,794
6aa1a8a2-e4f5-49cf-a97f-ebfe508db814,Loleta,Cudmore,Saab,Yemen,2021-04-28,486
9b814acf-cfba-4708-a833-fa89f0a10a51,Margie,Tindley,Buick,Slovenia,2015-09-03,509
cde3eb43-d385-4c06-af9e-78429416f59f,Jerald,Milthorpe,Pontiac,Poland,2021-01-10,804
48332351-b762-4acf-91cb-125428bc4256,Georas,Dubique,Honda,Ukraine,2019-02-21,758
66decd08-723e-4e5c-830f-e1b08e36732d,Dorolice,Ballance,Jeep,Portugal,2018-08-07,799
95809eb7-2dbc-4084-947e-d1b5791f9fa1,Aloise,Dalrymple,Hyundai,Syria,2017-07-31,314
8c678b13-fbc9-40cd-8095-7c606623a5e2,Noel,Stewartson,Rolls-Royce,Russia,2018-09-06,194
b3003813-dec6-4bbf-97d1-e98688ad7598,Franklin,Andryunin,Chrysler,China,2015-08-02,655
94677e44-81a3-46a7-b85e-ec11a804f846,Fritz,Borham,Lexus,China,2019-02-23,462
a1ca90fe-a70d-4cb5-a8ba-e3e01a4479dc,Jonie,Caris,Nissan,Honduras,2018-12-13,685
580fc52d-c86c-4fe9-9e91-9ea330bd9654,Petronella,Peddie,Ford,Philippines,2016-10-01,276
c1c70240-7246-46f4-8b15-6b36d94567c9,Web,Bowles,Mercury,Pakistan,2016-10-22,838
9785dce8-d7df-40a0-9f30-0bdee9cf634c,Simonette,Brahmer,Pontiac,Uganda,2015-08-06,167
d28f3ac5-8645-4157-9f37-aea6628df8ef,Antonetta,Delve,Saturn,Brazil,2016-03-29,744
d413775b-44ee-4966-a9e2-10bdc186e0e3,Wye,Yeoland,Mercedes-Benz,China,2020-10-06,514
20ccaecb-ca6d-40c0-a11e-481a28ffc5b8,Munmro,Sutch,Ford,France,2017-02-02,579
c607bd10-9572-44e0-8e2f-f5940ce1c3ac,Silvie,Ormesher,Ford,China,2020-06-09,808
ea1c4112-36a3-40e7-acef-f40458587210,Gallard,Burgiss,Tesla,China,2021-05-18,951
c34f6dd9-43cb-464f-b3ad-3cd8944a9f3e,Ofella,Plevey,BMW,Poland,2018-10-09,367
55a16e25-2ae1-4022-b0f3-a2d4390c8e68,Kissee,Rosewarne,Buick,Ukraine,2019-06-15,784
c550e8b1-ea14-45bc-b647-d357b7a1fa89,Polly,Touret,Toyota,Palestinian Territory,2018-04-06,31
cff0520e-5285-418a-86e7-e7e86cb201a7,Rose,Grishunin,Volkswagen,Democratic Republic of the Congo,2015-11-14,165
32b4e8a9-8ff5-4f9d-8878-beec601d9c9e,Melisande,Stille,GMC,China,2015-06-07,918
0594ba74-6836-4ebc-a93e-364d1c22f3ab,Sidonia,Barstock,Pontiac,Philippines,2020-10-21,321
38392960-0ae1-4124-b98b-4aba0f748397,Blondy,Hurll,BMW,Indonesia,2019-07-22,700
a5801416-04de-4173-b3bb-9b158c26a69a,Bobbi,McGookin,Chevrolet,Russia,2016-08-01,784
c3f032f5-5a41-4af6-9e2d-ec4fa723f75d,Nichole,Vasile,Volvo,Mongolia,2018-08-19,748
3e268f12-17dc-4066-95ac-821c3e285130,Kinny,Neaverson,Toyota,Portugal,2018-08-08,347
9a80a096-387e-4baa-bc62-c5f76de998c5,Giacomo,Stanner,Land Rover,Uganda,2018-10-20,896
3fb1b7d8-9141-45fb-9e91-fe95b38d6de2,Isabeau,Lippini,Ford,Estonia,2020-05-11,909
050d1f37-e913-4517-a60a-1e6155944e01,Maurise,Dickman,Dodge,Ukraine,2016-03-19,549
84cfb2b1-04c9-4669-97ce-d6dbb1ef15cf,Cecilius,Petchell,Ford,Colombia,2020-02-15,782
f2d9b0e6-31b8-42ac-97e5-528ca0e985dc,Marylynne,Sleford,Nissan,Macedonia,2018-11-02,609
51027538-7fe5-4689-8928-8e35c9b17921,Josiah,Mapston,Dodge,Syria,2018-03-26,544
ca5fa1c0-9787-417b-b0d5-a363c3ee9eed,Midge,Bowich,Mazda,Myanmar,2018-02-20,181
32b39808-291f-40d0-bbc3-0ab7f91fadcd,Lavinie,Callington,Lexus,France,2015-05-17,140
06ff016f-60ec-4f57-bacb-400b24fb6035,Hendrika,Tother,Lotus,Azerbaijan,2017-12-21,281
81e597a4-a8c1-45c7-a8af-3b3c1a318a0a,Iggie,Ezele,Chevrolet,Peru,2017-09-15,385
683a12f5-032b-4ce5-8755-f436fecb3430,Luce,Bezzant,Chevrolet,Brazil,2019-08-22,463
00174408-acfa-4ab9-97ee-976fd9f2462a,Clerc,Peegrem,Mazda,Japan,2019-03-13,480
6dbf02b6-1634-4e67-8796-3d49ada40602,Misti,Vanns,Geo,France,2016-04-08,667
bb4accea-288c-4d22-a41e-3743ef8b41f7,Bibi,Beevers,Cadillac,Bolivia,2019-10-12,286
947e365b-7a05-4188-88d8-819984e36e98,Murvyn,Elstub,Dodge,Philippines,2021-06-03,799
a505ea93-ae14-4496-b8c4-d631d3ad611d,Darby,Trudgian,Hummer,South Africa,2019-11-16,534
6dfb7d83-fc40-4f6b-8d7b-dfb85cf8e9cd,Sven,Burchell,Mercury,Finland,2016-12-16,365
92ea0195-6d4d-4df7-9776-9dd4342ddd39,Ros,Seakin,Chevrolet,Albania,2019-07-29,735
af17d7ce-57c2-4560-981f-6c1c01490071,Devin,Phizackarley,Chevrolet,Belarus,2017-10-05,442
52163278-be66-4547-8f1c-fea2a790a23f,Koenraad,Spadollini,Buick,Indonesia,2017-05-07,816
011dcbcb-a7ea-4da8-9b62-33dc4dea639f,Geraldine,de Zamora,Lexus,Russia,2019-07-31,423
f3138ad7-de5c-4b46-8fa9-b0fad2232f37,Jase,Gonnard,Honda,Brazil,2015-05-24,876
d90542ae-f4d6-4648-bda0-5d323d4bb2d3,Glyn,Huguenet,Kia,Peru,2020-01-25,235
b1f39e0a-d476-4e30-826f-919b8caa5cde,Alvera,Orpen,Ford,Colombia,2019-10-14,75
2de65d1d-c3a3-4c96-9236-9164a7cf5f51,Chere,Fillary,Cadillac,Brazil,2019-04-03,630
eb892333-deec-4236-9e32-69e48b43cbd3,King,Shevels,Maserati,France,2016-05-27,527
9ba8b2a7-4923-4aee-b22c-765fa04c7270,Braden,Chimienti,Chevrolet,Sweden,2020-04-22,978
305cb858-f32f-4182-9b12-cf79ee3887dd,Rice,Houchen,Chevrolet,Dominican Republic,2018-08-02,663
c0e5371f-b0e2-4420-b210-2e041e362062,Katharina,Castledine,Lexus,China,2018-06-03,438
bfe76819-8b83-48ea-86e4-831e4fa03635,Arvie,Raselles,Nissan,Russia,2017-10-19,122
bfd6f570-6991-4ba1-a794-d2c51d087389,Redford,O' Quirk,Volvo,Ireland,2017-08-10,799
35f99572-748f-4b75-993e-294374d66327,Elysha,Killingback,Chevrolet,Panama,2020-07-08,943
1c9436a3-ae8e-4cd1-9f33-cb90ef0f2d25,Bryana,Reiling,Suzuki,Philippines,2021-05-08,574
3b6539cc-990e-4e5a-86a2-f168a8ffd754,Adelbert,Laundon,GMC,Mongolia,2017-08-29,359
463ec874-0602-4afc-a70c-a7731b3913a0,Nikola,Slyford,Kia,Japan,2015-12-27,438
367ef81e-5ff2-477d-8916-2c121a932b4f,Kirby,Jochen,Chevrolet,Brunei,2015-02-21,751
39e5edd9-a7cd-45ee-9237-784363720745,Sidnee,Innes,Lexus,Sweden,2020-12-30,984
5ea099b7-2e68-4e51-853a-a20f7b74d5be,Eb,Eccleston,Dodge,Guatemala,2016-09-07,913
a8e3b8dd-07fc-4701-9db8-aa9686b9adba,Rowe,Bakewell,Chevrolet,Greece,2020-11-30,417
4690b288-b124-430e-a1ca-d4ff0157b370,Charo,Linny,Ford,Czech Republic,2020-09-10,652
58c2b0ca-a8e7-4fa5-a30b-f3c6213d094a,Mick,McParland,Toyota,Mexico,2015-09-13,272
83af92b0-ef2e-4424-b84f-3a11cd9aad85,Louisette,Benditt,Subaru,China,2015-01-08,279
0c5185c3-b157-4f75-bbfd-ababcb5a0948,Edin,Tribbeck,Ford,Philippines,2016-09-08,983
e75b6d27-66f4-479a-8572-9bd19d4b06ba,Daffy,Brauninger,Nissan,Russia,2020-07-10,826
f8184d0e-6d57-412a-87e1-58fba5f1df8b,Jeffie,Everiss,Ford,Portugal,2017-04-22,801
75d69ffd-19d7-4da7-b1ca-87e94ebe7413,Chickie,Radnage,Ferrari,Poland,2015-09-29,346
c8936331-b306-41a5-948e-f439e8b8dc06,Penny,Bicknell,Bentley,Vietnam,2020-04-22,468
534cbcae-9774-4725-8cec-fdfaf1931b59,Irwinn,Kyttor,Ford,China,2017-09-15,295
e004eab1-afd2-4ef7-afef-8e444721597d,Christyna,Mellem,Audi,Mongolia,2015-05-05,992
6bc592a3-9671-44db-877d-59c99b46ef1f,Kristian,Lorenzetto,Suzuki,Iceland,2016-09-29,736
d8c0bce7-b116-406c-b6aa-dd7edbc16d58,Ophelia,Trace,Ford,Netherlands,2017-09-02,499
90235fee-92cb-4aa2-b32b-c15382416c3b,Anestassia,Barrass,Nissan,Dominican Republic,2018-09-11,495
5bf386fb-b86a-45ff-84eb-727d220e1940,Hastie,Pikett,Lamborghini,China,2018-06-17,147
12febe56-f03e-4efa-9774-0c9aa6b9eb0d,Margaux,Kettlesting,Saab,Lithuania,2016-10-08,606
0a8bbc50-c730-449a-ab22-2569daa81930,Cleon,Featherstonhaugh,Volvo,Slovenia,2018-01-01,426
438231b3-3682-4e59-af2d-62d226301e27,Ashby,Reicherz,Audi,Nigeria,2019-10-24,655
06b52912-6045-485d-a920-700803cd754f,Fidelio,Lowdiane,Mazda,Mexico,2020-04-05,513
f72ea205-1fc7-47ab-af52-0261de6ddb05,Normie,Toopin,Volkswagen,China,2015-11-24,546
2b8b1a34-fd29-4b77-8b5c-ca14af3d2445,Horatius,Hadcroft,Chevrolet,Turkmenistan,2018-07-28,249
b2d2f731-9a5a-439d-8c5a-db21d17973ed,Maxy,Fairbourne,Jaguar,Russia,2018-01-28,435
a8632cf0-2ea5-4946-8f06-4b9281ca4c04,Griselda,Casaccio,Mitsubishi,Slovenia,2017-10-01,201
f3415e83-1237-4b9b-9377-a9fa4072f1aa,Aurora,Krahl,Land Rover,Thailand,2018-12-15,338
71eee901-63e3-41fa-afab-3825eeadb5ca,Cassaundra,O'Mailey,BMW,Indonesia,2019-10-24,702
c70831e0-0d73-4738-a04a-560196bcab4b,Colin,Labdon,Toyota,China,2021-07-09,56
69574727-2442-4bec-998d-4ae385e55c0c,Rosalynd,Segot,GMC,Spain,2016-09-16,137
56b61101-fdb3-4e06-a2f0-ee7878363d85,Rustie,Rosgen,GMC,Peru,2020-10-26,900
9f31f23f-e774-460c-a9cf-68a631a3d6da,Emmerich,Jantot,Hyundai,Sweden,2016-02-13,222
e364187c-6c12-4b36-9afe-d801335333c9,Augustine,Pikett,Mitsubishi,United States,2019-10-07,714
8f372ea8-eeab-4658-a865-76c7a6325d3e,Angelle,Retallack,Kia,Mexico,2016-01-31,83
2020410a-8f88-4b91-8662-a8fbb62eb08a,Thaddeus,Coppen,Chevrolet,Niger,2016-02-03,601
92e1f177-9059-406f-8d92-2b2d24f1e946,Hurleigh,Keepin,Volkswagen,China,2018-10-10,516
dd2e81bd-0180-4d2e-934c-e6c1e8604aff,Trista,Mitrikhin,Land Rover,Indonesia,2016-05-18,376
088dc1a6-b462-496b-98e5-807a8069ce2c,Ailis,Gulley,MINI,Brazil,2019-12-05,642
b72a98f6-7816-4694-ac70-d1684e24cebb,Florentia,Grunder,Nissan,Indonesia,2020-09-19,756
6dd9b9a7-951c-4be4-99fa-0172549bcac9,Daveta,Willbraham,Ford,China,2015-08-09,516
94bae184-26d2-48a0-b00e-05c8509374d7,Karrie,McMenamin,Lincoln,France,2018-09-01,783
9839b01b-0f68-44a3-97d7-32f5760bc0a6,Jeffie,Timmins,Honda,China,2021-02-01,863
23adbee9-9cb4-4efc-910d-f7fc7f4fea72,Vassily,Feldstein,Chevrolet,Syria,2019-01-27,713
307f00cd-f720-4bbe-b57e-71c486c1f8c6,Jobie,Ledford,Lexus,Colombia,2020-05-14,566
714433da-e8bb-42dc-9ed7-4b8a32664327,Penni,Kundt,GMC,Philippines,2016-02-24,469
1b3cf185-16b1-4b5d-ac75-d30f850fc48a,Cirillo,Raiment,Mercedes-Benz,China,2021-01-26,213
497cd929-4c2c-4714-bb53-56d25a6b3870,Elle,Obbard,Ford,Brazil,2019-12-02,432
2ea2043c-bdac-47d5-a014-59c92de91a6a,Jess,Bardnam,Chevrolet,France,2019-12-06,389
04914684-5a47-4dec-b80a-cea706cee815,Becki,Scarfe,Volvo,China,2016-04-15,354
0268357d-173e-46de-a996-c7ceb421c8f2,Farley,Bess,Hyundai,China,2016-01-05,171
dca84480-e829-40e7-9e27-1e517d3d5500,Layla,Quilligan,Ford,China,2015-01-17,428
f3bfcff6-e57b-47af-a295-74892a7e731d,Henrie,Traviss,Chevrolet,Mexico,2018-03-24,739
e82258ca-91ad-4551-9c21-3c4c3da3b20b,Averell,Boshere,Volkswagen,Bulgaria,2018-05-09,228
2da63d61-cb18-4f7d-ac0f-361103c53ea9,Had,Le-Good,Pontiac,China,2020-04-24,374
ba671263-7ee1-4c43-ab90-958a0a6d8c49,Stephen,Iacivelli,Ford,Indonesia,2020-03-31,431
fce97c58-c1e4-4efc-8729-6c5377284f50,Gradey,Scrace,Honda,Indonesia,2017-05-26,394
5480c848-a981-43f5-bb1c-138e6b7f201c,Sigismundo,Mackinder,Dodge,Indonesia,2019-10-25,771
0034cb46-0435-4d90-ab14-48e9346a2ecf,Helenelizabeth,McCuaig,Rolls-Royce,China,2017-03-06,124
96dccc34-6765-4ed7-9310-4ce231f984a4,Karalynn,Cristofano,Nissan,Indonesia,2019-09-18,831
2a739cd7-5dac-4e0a-a720-15991e2479c1,Ancell,Ginity,Nissan,Poland,2015-11-27,413
d10d5859-2fc3-4f0a-ab32-b0bb57e0754c,Vic,Van der Hoven,Maserati,Sweden,2020-07-05,527
20742aab-2cae-4e28-8429-98f6d7d16510,Jackie,Wadley,Dodge,Philippines,2016-09-02,565
dff3975e-5b94-4ceb-9adb-c1aa5205936e,Wenda,Bison,Dodge,Mongolia,2019-03-05,565
083c8022-4847-4afa-9222-bce1797a932b,Hallsy,Quincey,Chevrolet,Zimbabwe,2020-07-23,49
4189715a-fbdb-4f6b-bdb8-ddfc755ea030,Francyne,Dobsons,GMC,Brazil,2017-11-22,4
feb4410f-d981-44c5-8e0f-a2c33008c4db,Addie,Crunkhurn,Honda,Madagascar,2021-06-29,713
c25d960c-5e31-4c15-b80b-7e367fd5743e,Pasquale,Chittock,Infiniti,Ukraine,2015-12-22,822
fbe6b284-5cc8-4ecf-adc5-d97f45d70c5b,Agatha,Hrinchenko,Isuzu,Mexico,2020-12-29,215
dcff81cf-a06f-4bde-9667-ee0b49b5af58,Jerrylee,Keeney,Volvo,France,2021-02-17,76
b262fff5-bee9-4eaf-b6cf-374c444f1419,Donavon,Miner,Mercury,Nigeria,2018-11-14,807
7b0a71d2-9ea1-42f7-942a-a68a20bcdcc3,Ayn,Gamil,Lexus,Ireland,2015-12-27,68
08fd9e3e-f5d9-4630-b5ed-82e254166d82,Lorenzo,Eles,Plymouth,Russia,2020-02-06,197
313fb0ba-d5f7-4bdf-a623-5fecd06c70ea,Antonie,Cogman,Mercedes-Benz,Brazil,2020-01-29,183
2d648bd0-13a0-46d9-829d-087c016ce4ee,Kent,Whimp,Honda,Sudan,2015-04-07,578
54d7bf74-c3d9-4852-bd0d-55738db410ed,Rhody,Benedidick,Lincoln,Netherlands,2021-07-13,988
cc30a1f7-1d39-4859-8371-cf5772740afd,Benjamen,Paull,Volvo,Ivory Coast,2019-01-14,494
85e670f0-64b8-415d-a7e1-568915e36285,Terry,Fantin,Ford,China,2016-02-19,134
4f3b89bd-4597-49ac-9690-2be2c1c81b0e,Archie,Weine,Toyota,Finland,2020-09-28,684
54f72aae-667c-4620-a27c-bcfc78831a05,Darleen,Lysons,Chevrolet,Ireland,2019-06-20,709
9c7d16a4-c0f3-45af-9701-9fe0cc702be6,Benjamin,Scamp,Oldsmobile,Nigeria,2019-10-10,885
9abf177f-ac78-4ce5-b950-9736895329c3,Fidole,Carratt,Audi,Sweden,2015-10-05,432
e04ec18f-57a8-4dbd-b820-fc3cf18d937f,Leese,Riach,Mitsubishi,China,2021-03-05,799
713b0613-d2e9-41fd-b026-301b9aabe04a,Bevon,Houson,Mitsubishi,Indonesia,2017-12-06,919
547b0ba5-dc12-4e65-b998-f92ba2e695b9,Noelle,Filyaev,Honda,Sweden,2016-07-07,748
6459014c-417b-4e58-b7a7-9c1e01b4ea9a,Tomasine,Skirvane,Maserati,Poland,2015-12-17,842
e1705e95-5f9b-44e6-b855-b1cb3b09614a,Zita,Stell,Mercedes-Benz,Indonesia,2015-11-17,528
cde39bfd-dc50-4059-b807-95e889996853,Jacinta,Reede,BMW,Russia,2016-05-05,446
4fbd9306-d048-4ee3-9adc-8779e0d73278,Morey,Dauby,Saab,China,2020-06-05,271
fec15e49-eec5-4883-bdf3-81c5079638cf,Laure,Lindeman,Ford,Colombia,2021-05-26,985
38f164b5-df3d-47a8-8ad1-b18493b22cbb,Arlene,Flacknoe,Mazda,Brazil,2015-04-07,241
ba55321d-9e2a-4582-ac3e-d74207258e8e,Chiquita,Extill,GMC,France,2019-07-21,741
b14d9f95-5e02-428c-ba53-cdb45fe995d1,Shandra,Spurge,Mitsubishi,Philippines,2021-05-13,24
1cf041ef-5d28-4300-bafb-366b197fa799,Torrin,Papes,Audi,France,2019-09-18,518
de84f65b-a8f3-46fe-aba7-4d51c4a67e51,Letty,Breffit,Lincoln,Philippines,2016-06-12,204
e95bbaf8-94cb-4961-a5da-d06cae66a7f8,Cecil,Devoy,Mazda,Chile,2020-07-23,564
efac5894-bd8f-4a3f-895f-8028fc765587,Lulita,Robathon,Acura,Indonesia,2017-10-15,667
c73c0afd-3c12-434f-b707-c2dfca0a2195,Dona,Brownhill,Infiniti,Ukraine,2020-11-01,215
a093fe90-bad7-45eb-8c88-c601790da232,Amandi,Malinson,Lotus,Argentina,2021-02-13,616
f4a84574-0115-4cd4-ab7c-a4f29c608872,Isabeau,Wormald,Volkswagen,China,2016-10-02,556
9843433f-9b46-4739-b779-8d4490b2ce24,Porty,Craze,Suzuki,Hungary,2019-11-15,187
afec8185-75d6-4d43-b694-71a9fd4f2a55,Sadye,Coulston,Mercedes-Benz,Canada,2016-09-16,545
45a03e06-4592-4653-a6d6-f60ec9d4c16c,Layton,Applin,Aston Martin,Indonesia,2016-12-18,685
d88dc9ca-0be5-4892-94a1-684b954e0ca7,Gray,Happert,Pontiac,Paraguay,2016-11-27,860
d1c5c58f-40df-42a1-822f-1d78b5e7dbb0,Nikolas,Sprionghall,Nissan,China,2015-10-16,950
3f3d4f27-9b8a-4828-800e-5198d66218c9,Debra,Serrell,Acura,China,2020-09-20,290
fde92421-1eaa-43c0-a60c-8a0bd150cb22,Charita,Bazeley,Kia,Sweden,2019-11-03,481
0d2beed2-b185-40e6-a373-760afb4ec26d,Min,McKinley,Ford,Colombia,2016-11-29,398
d2683b55-2b54-400a-8df7-af97b29156ce,Barron,Bernier,Mercedes-Benz,Sweden,2015-08-01,671
e09e3fa5-3367-4fd1-a410-a2002614a7ec,Paxon,Patroni,GMC,China,2015-04-08,639
7e73d24c-bcff-425e-8c20-14afa7f6b202,Rosemaria,Scripps,Chevrolet,Russia,2018-03-13,733
143bc4b6-6501-4025-83e5-5194282de8b5,Corey,Bonafant,BMW,France,2020-08-30,689
1d708db4-a30b-4fcc-a13f-7b862fb92575,Agretha,Pallas,Volkswagen,Tanzania,2016-10-10,302
562b8079-1deb-4f31-a79f-aa59ce2db01c,Tybalt,McFadden,Ford,Philippines,2020-10-19,83
85693bce-22a9-4703-9e3f-8ed97b989748,Petrina,Armal,Land Rover,Greece,2019-06-24,571
630de8b0-2223-4d64-8519-afa14522e6f7,Lurette,Betchley,Pontiac,United States,2019-05-10,230
268fe3a7-ab86-4a7d-a7f7-9c2abba4b884,Sheela,Jandourek,Toyota,Uganda,2016-04-30,355
4e8236c1-9c7a-4e85-8a2b-7f1c326140c8,Kristal,Wofenden,Chrysler,Ukraine,2016-12-25,295
ddfd0aae-60d0-4e88-b05e-402d63c1bb5d,Quintina,Karoly,Land Rover,Philippines,2019-09-10,19
d40e3103-e3d5-429d-8c23-dc422a54d924,Niven,Gauntley,BMW,China,2017-05-26,954
f44b607c-230c-4bc2-878e-a6839fb0eb14,Scarlet,Kincla,Acura,Greece,2020-04-17,22
eb60f0a1-6301-48d7-8aa3-a18247d12e1f,Penny,Wakerley,Chevrolet,Indonesia,2020-09-04,802
6e055a3e-b453-4a31-ad40-0e2078e9e9fa,Hubert,Le Grice,Lincoln,Indonesia,2020-05-15,298
82f5f9be-bf33-4649-85f4-499fcd9bb273,Mignonne,Whaley,Mitsubishi,Micronesia,2019-03-26,519
71e902e9-033c-415d-bdae-08fdc10f6c70,Korey,Ladlow,Pontiac,China,2016-10-28,843
03bb6608-c8b3-48b4-8f9c-edcfadc323f8,Tommi,Adrianello,Jeep,Philippines,2021-05-04,211
b01b04a9-0a1a-4432-803e-315e99ee54e2,Livvyy,Cleiment,Infiniti,Indonesia,2019-06-05,169
933131f5-9021-4393-8b7e-982409a0ce39,Chilton,Bellringer,Chevrolet,France,2019-10-17,373
08763eb0-fdfa-4f07-bc6a-0db514112bbc,Bert,Bettley,Buick,Indonesia,2015-09-14,6
5d237235-2e3a-4eb8-beab-efe82bddb502,Tressa,D'Almeida,Mercedes-Benz,China,2019-04-08,757
25fbbde2-ead8-4a88-af3a-217fca96b022,Juan,Raddan,Mercedes-Benz,China,2015-09-01,770
951b410d-227e-47ee-ab63-4005f3ddb2fd,Alexander,Hannam,Acura,France,2015-10-21,330
76d27675-4eab-4899-a76f-82ce213be231,Noby,Callington,Land Rover,Brazil,2021-02-19,609
